transaction_sk,transaction_id,date_sk,hour_of_day,merchant_sk,customer_sk,geography_sk,payment_method_sk,product_sk,currency_sk,status,amount,amount_usd,fee_usd,net_amount_usd,refund_amount_usd,is_refunded,is_disputed,is_fraud_flagged,is_subscription,anomaly_score,risk_level,device_type,loaded_at
1,ch_e4bce1ac6a34451d,20250914,10,46,109,8,3,129,7,succeeded,6861.0,46.07,1.64,44.43,0.0,False,False,False,False,,,mobile,2026-09-14 16:29:10
2,ch_6ad546e8adfc4dbb,20250915,6,33,97,11,3,88,1,succeeded,144.32,144.32,4.49,139.83,0.0,False,False,False,True,,,desktop,2026-09-14 16:29:10
3,ch_2d4f8e314a3c4177,20250915,14,7,85,8,5,21,2,succeeded,77.06,83.31,2.72,80.59,0.0,False,False,False,False,,,mobile,2026-09-14 16:29:10
4,ch_e43f09ad06ee49a8,20250915,18,15,68,11,6,40,3,succeeded,53.61,68.13,2.28,-2.28,68.13,True,False,False,False,0.4745,medium,mobile,2026-09-14 16:29:10
5,ch_90895a4fa01542ce,20250915,21,10,107,1,5,29,8,succeeded,205.25,135.65,4.23,131.42,0.0,False,False,False,False,,,desktop,2026-09-14 16:29:10
6,ch_f2692a9486154bc2,20250916,5,42,14,8,4,115,3,succeeded,53.01,67.39,2.25,65.14,0.0,False,False,False,False,,,mobile,2026-09-14 16:29:10
7,ch_ae5289254b284f9a,20250916,12,7,91,9,4,,2,succeeded,131.02,141.93,4.42,137.51,0.0,False,False,False,False,,,mobile,2026-09-14 16:29:10
8,ch_9c7bb009ea3d4f67,20250916,12,46,153,3,2,129,7,succeeded,6861.0,46.23,1.64,44.59,0.0,False,False,False,False,,,desktop,2026-09-14 16:29:10
9,ch_0f057680b14f4400,20250916,13,2,137,5,3,6,9,succeeded,66494.26,43.02,1.55,41.47,0.0,False,False,False,False,,,mobile,2026-09-14 16:29:10
10,ch_df83c31466c14552,20250916,14,40,101,3,3,,7,succeeded,6197.0,41.76,1.51,40.25,0.0,False,False,False,False,,,mobile,2026-09-14 16:29:10
11,ch_ab300f952393417e,20250916,16,13,34,9,3,38,3,succeeded,65.29,83.0,2.71,80.29,0.0,False,False,False,False,,,mobile,2026-09-14 16:29:10
12,ch_b5a6ecb62b714e35,20250917,10,42,154,5,4,117,3,succeeded,101.8,129.12,4.04,125.08,0.0,False,False,False,False,,,mobile,2026-09-14 16:29:10
13,ch_06bc9fb0f0604ecd,20250918,7,27,2,10,1,70,1,succeeded,36.02,36.02,1.34,34.68,0.0,False,False,False,False,,,mobile,2026-09-14 16:29:10
14,ch_b2e24138f7b64f76,20250918,10,32,50,6,2,86,2,succeeded,25.62,27.86,1.11,26.75,0.0,False,False,False,False,,,desktop,2026-09-14 16:29:10
15,ch_2e05af9d250b40e2,20250919,13,5,3,4,8,15,3,succeeded,99.02,125.79,3.95,121.84,0.0,False,False,False,False,,,desktop,2026-09-14 16:29:10
16,ch_b4ab1b97bee947eb,20250919,15,5,63,4,2,,3,succeeded,51.46,65.37,2.2,63.17,0.0,False,False,False,False,,,mobile,2026-09-14 16:29:10
17,ch_c77e0ad8765547d7,20250919,17,1,177,6,4,1,1,succeeded,169.96,169.96,5.23,164.73,0.0,False,False,False,False,,,desktop,2026-09-14 16:29:10
18,ch_07472423a52c4695,20250919,21,5,184,9,2,14,3,failed,57.51,73.06,0.0,0.0,0.0,False,False,False,False,,,desktop,2026-09-14 16:29:10
19,ch_e0f7c1c47282494a,20250920,1,9,11,6,2,26,2,succeeded,149.64,163.38,5.04,158.34,0.0,False,False,True,True,0.6958,high,desktop,2026-09-14 16:29:10
20,ch_12da5dc327364622,20250920,13,12,83,3,2,35,7,succeeded,6987.0,46.92,1.66,45.26,0.0,False,False,False,False,,,mobile,2026-09-14 16:29:10
21,ch_4d948ad9f5b04db6,20250920,15,19,46,1,2,,9,succeeded,45818.2,29.65,1.16,28.49,0.0,False,False,False,False,,,desktop,2026-09-14 16:29:10
22,ch_16da1af1e523468d,20250920,21,52,105,5,2,,4,succeeded,187.03,139.7,4.35,135.35,0.0,False,False,False,False,,,tablet,2026-09-14 16:29:10
23,ch_db336b904a6848a2,20250921,8,36,197,7,3,97,2,succeeded,5.54,6.06,0.48,5.58,0.0,False,False,False,False,,,mobile,2026-09-14 16:29:10
24,ch_72361d19a9564195,20250921,13,23,111,4,2,61,2,succeeded,36.97,40.46,1.47,38.99,0.0,False,False,False,False,,,desktop,2026-09-14 16:29:10
25,ch_b90d582913494c97,20250921,18,5,29,5,5,,3,succeeded,108.03,138.23,4.31,133.92,0.0,False,False,False,False,,,mobile,2026-09-14 16:29:10
26,ch_bb3ad3a50ff042a9,20250921,20,40,188,4,4,109,7,succeeded,7873.0,52.89,1.83,51.06,0.0,False,False,False,False,,,desktop,2026-09-14 16:29:10
27,ch_9d3ad4f1b6a94afc,20250924,14,8,1,3,1,,2,failed,208.43,227.83,0.0,0.0,0.0,False,False,False,False,,,tablet,2026-09-14 16:29:10
28,ch_b4a7ee0c0f774cff,20250924,18,12,34,9,4,35,7,succeeded,6987.0,46.89,1.66,45.23,0.0,False,False,False,False,,,mobile,2026-09-14 16:29:10
29,ch_c8241c59285e4c93,20250925,11,10,105,6,2,30,8,succeeded,123.44,82.13,2.68,79.45,0.0,False,False,True,False,0.7729,high,desktop,2026-09-14 16:29:10
30,ch_3e97e747cb624f46,20250926,6,35,117,7,2,95,9,succeeded,35742.9,23.17,0.97,22.2,0.0,False,False,False,False,,,mobile,2026-09-14 16:29:10
31,ch_00767f86102e4bca,20250926,19,44,130,9,4,123,2,succeeded,26.7,29.17,1.15,28.02,0.0,False,False,False,False,,,mobile,2026-09-14 16:29:10
32,ch_5f7ab1703a644133,20250927,2,13,65,11,4,39,3,succeeded,88.22,114.18,3.61,110.57,0.0,False,True,True,False,0.7955,high,mobile,2026-09-14 16:29:10
33,ch_83162c1258bd4c5f,20250927,10,51,64,5,2,,9,succeeded,20713.33,13.38,0.69,12.69,0.0,False,False,False,False,0.5852,medium,tablet,2026-09-14 16:29:10
34,ch_ac435b800b284535,20250928,9,25,168,3,5,69,9,succeeded,50799.43,32.97,1.26,31.71,0.0,False,False,False,False,,,mobile,2026-09-14 16:29:10
35,ch_bc8b131edb1c4e1c,20250928,10,45,150,8,4,,1,succeeded,92.8,92.8,2.99,89.81,0.0,False,False,False,False,,,mobile,2026-09-14 16:29:10
36,ch_969a3de93db34db4,20250928,14,12,59,2,6,35,7,succeeded,6987.0,46.58,1.65,44.93,0.0,False,False,False,False,,,desktop,2026-09-14 16:29:10
37,ch_d4f36e26c3df4eda,20250928,17,2,44,10,3,,9,succeeded,121067.84,78.57,2.58,75.99,0.0,False,False,False,False,,,mobile,2026-09-14 16:29:10
38,ch_325e1f4315f74899,20250928,22,50,1,5,1,141,8,succeeded,155.77,103.15,3.29,99.86,0.0,False,False,True,False,0.6496,high,mobile,2026-09-14 16:29:10
39,ch_c8da8d5cc6404531,20250929,15,6,78,8,5,18,3,succeeded,31.96,41.18,1.49,39.69,0.0,False,False,False,False,,,mobile,2026-09-14 16:29:10
40,ch_df92d492e5804184,20250930,8,47,136,5,1,131,5,succeeded,179.52,32.68,1.25,31.43,0.0,False,False,False,False,,,desktop,2026-09-14 16:29:10
41,ch_94cbfc4c298e456c,20250930,15,1,63,4,5,3,1,succeeded,136.28,136.28,4.25,132.03,0.0,False,True,False,False,,,desktop,2026-09-14 16:29:10
42,ch_47379b3cd94d4469,20251002,15,16,44,5,4,45,2,succeeded,26.85,28.82,1.14,27.68,0.0,False,True,True,False,0.8142,high,tablet,2026-09-14 16:29:10
43,ch_9a807e5ff80d48ce,20251002,16,52,55,8,3,145,4,succeeded,132.14,96.81,3.11,93.7,0.0,False,False,False,False,,,mobile,2026-09-14 16:29:10
44,ch_b752b76d83114c82,20251002,22,21,34,9,4,57,6,succeeded,22.43,16.96,0.79,16.17,0.0,False,True,False,False,0.41,medium,mobile,2026-09-14 16:29:10
45,ch_ad9b6d012a224a7d,20251002,23,39,54,11,3,107,3,succeeded,77.21,98.48,3.16,95.32,0.0,False,False,False,False,,,mobile,2026-09-14 16:29:10
46,ch_cb10c6d8af8d4a02,20251003,11,19,74,10,3,49,9,succeeded,73433.4,48.2,1.7,46.5,0.0,False,False,False,False,,,desktop,2026-09-14 16:29:10
47,ch_833fee85294d4126,20251003,19,48,114,5,4,,7,succeeded,10613.0,70.92,2.36,68.56,0.0,False,False,False,False,,,mobile,2026-09-14 16:29:10
48,ch_4a2f65ef620840ef,20251004,12,29,146,8,4,78,5,succeeded,149.52,27.46,1.1,26.36,0.0,False,False,False,False,,,desktop,2026-09-14 16:29:10
49,ch_9dde3181c1f6429f,20251004,13,49,197,7,3,137,2,succeeded,20.64,22.16,0.94,21.22,0.0,False,True,False,False,,,mobile,2026-09-14 16:29:10
50,ch_dde8733cefc64280,20251005,10,20,54,11,3,,9,succeeded,7865.37,5.18,0.45,4.73,0.0,False,False,False,False,,,mobile,2026-09-14 16:29:10
51,ch_a353ccd42f0b4eaf,20251006,7,40,43,7,2,110,7,succeeded,10310.0,68.88,2.3,66.58,0.0,False,False,False,False,,,desktop,2026-09-14 16:29:10
52,ch_67d9a478784e4ba2,20251006,10,43,103,3,2,120,6,succeeded,108.14,81.6,2.67,78.93,0.0,False,False,False,False,,,mobile,2026-09-14 16:29:10
53,ch_56ab01694ef64094,20251006,10,10,174,8,5,,8,succeeded,296.31,197.64,6.03,191.61,0.0,False,False,False,False,,,mobile,2026-09-14 16:29:10
54,ch_f1929ca08105492a,20251006,21,36,155,11,2,97,2,succeeded,5.54,5.94,0.47,5.47,0.0,False,False,False,False,,,mobile,2026-09-14 16:29:10
55,ch_7c44cd1f5a2a43cd,20251007,4,20,112,11,2,54,9,succeeded,73627.95,48.57,1.71,22.57,24.29,True,False,False,True,,,desktop,2026-09-14 16:29:10
56,ch_95158f89b055441b,20251007,11,49,7,6,3,136,2,succeeded,62.5,66.78,2.24,64.54,0.0,False,False,False,False,,,mobile,2026-09-14 16:29:10
57,ch_eefee0d0bbb14f45,20251007,21,8,35,6,2,22,2,succeeded,15.7,16.78,0.79,15.99,0.0,False,False,False,False,,,desktop,2026-09-14 16:29:10
58,ch_8d4547a9bf8b4692,20251008,11,20,30,9,2,52,9,succeeded,49495.73,32.52,1.24,31.28,0.0,False,False,False,False,,,desktop,2026-09-14 16:29:10
59,ch_c9f9fba1c88e4852,20251009,11,16,125,10,4,45,2,failed,26.85,28.65,0.0,0.0,0.0,False,False,False,False,,,desktop,2026-09-14 16:29:10
60,ch_055a7b23c6884faa,20251009,19,41,44,10,4,113,2,succeeded,110.93,118.37,3.73,114.64,0.0,False,False,False,False,,,mobile,2026-09-14 16:29:10
61,ch_cbe58dd44ee34048,20251009,19,32,37,8,3,85,2,succeeded,30.3,32.33,1.24,31.09,0.0,False,False,False,False,,,mobile,2026-09-14 16:29:10
62,ch_d95d32ecbe6a46f5,20251010,9,15,194,2,3,,3,succeeded,23.85,30.51,1.18,29.33,0.0,False,False,False,False,,,mobile,2026-09-14 16:29:10
63,ch_409374a305574456,20251010,10,7,139,5,4,20,2,succeeded,42.12,44.79,1.6,43.19,0.0,False,False,False,False,,,desktop,2026-09-14 16:29:10
64,ch_92c1d891e9ca4332,20251011,10,41,199,7,5,112,2,succeeded,76.22,81.14,2.65,78.49,0.0,False,False,False,True,,,mobile,2026-09-14 16:29:10
65,ch_f985de1b70b649cf,20251011,21,49,189,6,5,138,2,succeeded,98.67,105.04,3.35,101.69,0.0,False,False,False,False,,,mobile,2026-09-14 16:29:10
66,ch_49bb3f8b713b4a31,20251012,14,39,28,5,3,106,3,succeeded,38.16,49.26,1.73,47.53,0.0,False,False,False,False,,,desktop,2026-09-14 16:29:10
67,ch_f37e96014a924751,20251012,15,39,65,8,4,107,3,succeeded,77.21,99.67,3.19,96.48,0.0,False,False,False,False,,,desktop,2026-09-14 16:29:10
68,ch_f10af38caf464d58,20251012,19,50,11,6,2,139,8,succeeded,262.85,174.62,5.36,169.26,0.0,False,True,False,False,0.5602,medium,mobile,2026-09-14 16:29:10
69,ch_3aa399080bc5427b,20251012,20,8,132,6,2,,2,succeeded,45.58,48.44,1.7,46.74,0.0,False,False,False,False,,,desktop,2026-09-14 16:29:10
70,ch_92ab0f017ea8425a,20251014,11,18,155,11,2,48,4,succeeded,126.35,93.41,3.01,90.4,0.0,False,False,False,False,,,desktop,2026-09-14 16:29:10
71,ch_5e2dfbbae87a4143,20251014,12,7,28,5,3,,2,succeeded,19.11,20.25,0.89,19.36,0.0,False,False,False,False,,,mobile,2026-09-14 16:29:10
72,ch_0a034ca39aeb4398,20251014,15,45,167,7,5,,1,succeeded,69.35,69.35,2.31,-2.31,69.35,True,False,False,False,,,mobile,2026-09-14 16:29:10
73,ch_2b99141273f84b9d,20251015,10,51,180,8,7,142,9,succeeded,60586.26,39.78,1.45,38.33,0.0,False,True,False,False,,,mobile,2026-09-14 16:29:10
74,ch_16fc3d57db324d22,20251016,16,41,138,6,6,112,2,succeeded,76.22,81.23,2.66,78.57,0.0,False,False,False,True,,,mobile,2026-09-14 16:29:10
75,ch_0961071351154df1,20251017,1,33,166,7,3,89,1,succeeded,22.83,22.83,0.96,21.87,0.0,False,False,False,False,,,desktop,2026-09-14 16:29:10
76,ch_740eea4110c749c5,20251017,13,13,73,5,1,38,3,succeeded,65.29,84.36,2.75,81.61,0.0,False,False,False,False,,,mobile,2026-09-14 16:29:10
77,ch_24ae0eac4ed94eeb,20251017,15,13,126,2,1,,3,succeeded,43.28,55.92,1.92,54.0,0.0,False,False,False,False,,,mobile,2026-09-14 16:29:10
78,ch_d7e306fab968410a,20251018,8,20,193,3,3,52,9,succeeded,49495.73,32.3,1.24,31.06,0.0,False,False,False,True,,,tablet,2026-09-14 16:29:10
79,ch_efb9442dfa8b4290,20251018,9,42,151,8,4,117,3,succeeded,101.8,130.9,4.1,126.8,0.0,False,False,False,False,,,tablet,2026-09-14 16:29:10
80,ch_ca6ed2bbcd7c4714,20251018,11,13,138,6,6,38,3,succeeded,65.29,83.95,2.73,81.22,0.0,False,False,False,False,,,mobile,2026-09-14 16:29:10
81,ch_8e8e6f2e49734809,20251019,0,28,194,2,3,74,1,succeeded,54.13,54.13,1.87,52.26,0.0,False,False,False,False,,,mobile,2026-09-14 16:29:10
82,ch_8c1abdf770b04957,20251019,18,46,172,1,8,,7,succeeded,30448.0,204.81,6.24,198.57,0.0,False,False,False,False,0.3044,medium,desktop,2026-09-14 16:29:10
83,ch_59dfedb000574b9e,20251020,2,16,92,7,5,44,2,succeeded,82.08,87.14,2.83,84.31,0.0,False,False,False,True,,,mobile,2026-09-14 16:29:10
84,ch_92ea0ad94886440a,20251020,19,25,60,4,1,69,9,succeeded,50799.43,33.29,1.27,32.02,0.0,False,False,False,True,,,desktop,2026-09-14 16:29:10
85,ch_012857ed9bd548a1,20251020,20,13,158,11,5,39,3,failed,88.22,113.23,0.0,0.0,0.0,False,False,False,False,0.338,medium,tablet,2026-09-14 16:29:10
86,ch_4fbdcbe481374ccd,20251021,4,10,147,4,1,28,8,succeeded,262.32,174.42,5.36,169.06,0.0,False,False,False,False,,,desktop,2026-09-14 16:29:10
87,ch_1bcb65b93ee640c7,20251021,14,34,38,9,1,91,2,succeeded,65.83,69.48,2.31,67.17,0.0,False,False,False,False,,,tablet,2026-09-14 16:29:10
88,ch_7e9bccd17ff946c1,20251022,8,29,141,7,1,,5,succeeded,909.51,170.98,5.26,165.72,0.0,False,False,False,False,,,desktop,2026-09-14 16:29:10
89,ch_2700de40352a4fe8,20251023,11,18,168,3,5,46,4,succeeded,239.24,178.67,5.48,173.19,0.0,False,False,False,False,,,mobile,2026-09-14 16:29:10
90,ch_954378cc8d6a461c,20251023,17,29,13,4,6,77,5,succeeded,575.22,107.74,3.42,104.32,0.0,False,False,False,False,,,mobile,2026-09-14 16:29:10
91,ch_bdcd0719b8924fca,20251024,1,7,50,3,2,,2,succeeded,46.99,49.54,1.74,47.8,0.0,False,False,False,False,,,desktop,2026-09-14 16:29:10
92,ch_f57b01d837f8485a,20251024,12,43,159,4,3,,6,succeeded,154.13,118.85,3.75,115.1,0.0,False,False,False,False,,,mobile,2026-09-14 16:29:10
93,ch_987ff6614b5b4920,20251024,17,5,111,4,2,14,3,succeeded,57.51,73.63,2.44,71.19,0.0,False,False,False,False,,,desktop,2026-09-14 16:29:10
94,ch_8aff58dfc07142c3,20251024,18,41,178,10,6,,2,succeeded,135.4,142.74,4.44,138.3,0.0,False,False,False,False,,,tablet,2026-09-14 16:29:10
95,ch_2c05bd81595f4f91,20251025,1,29,61,5,5,78,5,succeeded,149.52,28.11,1.12,26.99,0.0,False,False,False,True,,,desktop,2026-09-14 16:29:10
96,ch_150ccc040039425b,20251025,12,4,173,4,5,11,3,succeeded,13.52,17.3,0.8,16.5,0.0,False,False,False,False,,,desktop,2026-09-14 16:29:10
97,ch_e695e08c2b214f21,20251025,18,3,117,7,3,,8,succeeded,111.8,74.02,2.45,71.57,0.0,False,False,False,False,,,mobile,2026-09-14 16:29:10
98,ch_b6cb65fbf7414b89,20251025,19,28,57,8,5,75,1,succeeded,75.35,75.35,2.49,72.86,0.0,False,False,False,False,,,desktop,2026-09-14 16:29:10
99,ch_cd179835945948bc,20251026,23,20,138,6,6,53,9,succeeded,50940.45,32.96,1.26,31.7,0.0,False,False,False,False,,,desktop,2026-09-14 16:29:10
100,ch_2cd279344b3f4277,20251027,8,30,155,11,2,79,6,succeeded,161.59,125.05,3.93,121.12,0.0,False,False,False,False,,,mobile,2026-09-14 16:29:10
101,ch_5bf07d86d3b44ddd,20251027,9,21,4,7,3,,6,succeeded,109.37,84.64,2.75,81.89,0.0,False,False,False,False,,,mobile,2026-09-14 16:29:10
102,ch_d7fd97d4db444f87,20251027,22,9,100,3,3,,2,succeeded,171.53,180.69,5.54,175.15,0.0,False,False,False,False,,,mobile,2026-09-14 16:29:10
103,ch_84596c6157ed4cd6,20251028,9,18,104,7,5,47,4,succeeded,174.68,130.43,4.08,126.35,0.0,False,False,False,False,,,tablet,2026-09-14 16:29:10
104,ch_4637eda5f7854d0a,20251028,11,38,164,7,7,105,1,succeeded,116.54,116.54,3.68,112.86,0.0,False,False,False,True,,,desktop,2026-09-14 16:29:10
105,ch_b16dd6f48faf4822,20251028,14,50,85,8,5,139,8,succeeded,262.85,174.23,5.35,168.88,0.0,False,False,False,False,,,mobile,2026-09-14 16:29:10
106,ch_69ee309d67ab4f01,20251029,20,53,72,9,4,,9,succeeded,47201.29,30.27,1.18,29.09,0.0,False,False,False,False,,,mobile,2026-09-14 16:29:10
107,ch_9594ae469a404b80,20251031,1,38,14,8,4,104,1,succeeded,63.73,63.73,2.15,61.58,0.0,False,False,False,True,,,mobile,2026-09-14 16:29:10
108,ch_dd5b51ac7d334729,20251031,1,18,36,1,2,46,4,failed,239.24,178.79,0.0,0.0,0.0,False,False,False,True,,,desktop,2026-09-14 16:29:10
109,ch_0c2fe234ac20419c,20251031,8,1,95,6,1,3,1,failed,136.28,136.28,0.0,0.0,0.0,False,False,False,False,,,desktop,2026-09-14 16:29:10
110,ch_c3f2056d2c514530,20251101,2,38,161,1,2,105,1,succeeded,116.54,116.54,3.68,112.86,0.0,False,False,False,False,,,desktop,2026-09-14 16:29:10
111,ch_03819440c2b1411c,20251101,10,37,141,7,1,100,2,succeeded,104.09,109.23,3.47,105.76,0.0,False,False,False,False,,,desktop,2026-09-14 16:29:10
112,ch_c5b99dd217de4625,20251101,12,10,185,11,8,29,8,succeeded,205.25,137.11,4.28,132.83,0.0,False,False,False,False,,,desktop,2026-09-14 16:29:10
113,ch_0ecc2e2988724913,20251101,17,46,122,2,4,,7,succeeded,10383.0,69.85,2.33,67.52,0.0,False,False,False,False,,,desktop,2026-09-14 16:29:10
114,ch_e5b838bfd9b24d3d,20251102,13,40,82,1,2,109,7,succeeded,7873.0,52.84,1.83,51.01,0.0,False,False,False,False,,,desktop,2026-09-14 16:29:10
115,ch_60bcfd25869d4aea,20251103,10,40,188,4,2,111,7,succeeded,4927.0,33.16,1.26,31.9,0.0,False,False,False,False,0.3751,medium,mobile,2026-09-14 16:29:10
116,ch_4599c0ffaf82431b,20251103,15,3,63,4,5,9,8,succeeded,97.72,65.12,2.19,62.93,0.0,False,False,False,False,,,desktop,2026-09-14 16:29:10
117,ch_342ae09dac994029,20251104,22,32,146,5,4,85,2,failed,30.3,31.62,0.0,0.0,0.0,False,False,False,True,,,mobile,2026-09-14 16:29:10
118,ch_7f2516aa3bdc46e0,20251105,3,44,60,4,1,,2,succeeded,35.25,36.71,1.36,17.0,18.35,True,True,False,False,,,mobile,2026-09-14 16:29:10
119,ch_1d45be4b93be4188,20251105,10,3,165,10,6,7,8,succeeded,201.32,133.56,4.17,129.39,0.0,False,False,False,False,,,mobile,2026-09-14 16:29:10
120,ch_5152bf1ab39347df,20251105,10,47,133,2,5,131,5,succeeded,179.52,33.56,1.27,32.29,0.0,False,False,False,False,,,tablet,2026-09-14 16:29:10
121,ch_d863587458a44f2e,20251105,12,10,101,3,5,30,8,succeeded,123.44,81.89,2.67,79.22,0.0,False,False,False,False,,,mobile,2026-09-14 16:29:10
122,ch_e346295ef870434c,20251105,12,51,101,3,5,142,9,succeeded,60586.26,39.1,1.43,37.67,0.0,False,False,False,True,,,tablet,2026-09-14 16:29:10
123,ch_b68131d486844aff,20251105,16,19,72,9,4,50,9,succeeded,25957.89,16.75,0.79,15.96,0.0,False,False,False,False,,,desktop,2026-09-14 16:29:10
124,ch_391759aab6b44623,20251106,4,20,112,11,2,54,9,succeeded,73627.95,47.61,1.68,45.93,0.0,False,True,False,True,,,mobile,2026-09-14 16:29:10
125,ch_d9f1e4c4ec6e41ca,20251106,13,19,150,8,4,49,9,succeeded,73433.4,47.48,1.68,45.8,0.0,False,False,False,True,,,mobile,2026-09-14 16:29:10
126,ch_6fa4389bdd7446e6,20251107,19,16,108,9,4,44,2,succeeded,82.08,85.91,2.79,83.12,0.0,False,True,False,False,,,desktop,2026-09-14 16:29:10
127,ch_73cab1a2f5f04f58,20251107,19,24,163,2,7,64,2,succeeded,110.59,115.75,3.66,112.09,0.0,False,False,False,False,,,mobile,2026-09-14 16:29:10
128,ch_22adf569a46e40de,20251108,8,39,142,11,4,108,3,succeeded,91.76,119.65,3.77,115.88,0.0,False,False,False,False,,,tablet,2026-09-14 16:29:10
129,ch_a69809d9ab3e417f,20251108,17,48,33,7,5,133,7,failed,11008.0,74.1,0.0,0.0,0.0,False,False,False,False,,,desktop,2026-09-14 16:29:10
130,ch_ae69a00df2b94769,20251108,18,6,177,6,4,17,3,failed,87.15,113.64,0.0,0.0,0.0,False,False,False,False,,,mobile,2026-09-14 16:29:10
131,ch_5d9efdb63c414904,20251110,10,41,199,7,5,112,2,succeeded,76.22,79.73,2.61,77.12,0.0,False,False,True,True,0.7084,high,mobile,2026-09-14 16:29:10
132,ch_917b17d5c2ee4e5e,20251110,13,43,114,5,4,,6,succeeded,115.7,90.13,2.91,-2.91,90.13,True,False,False,False,,,mobile,2026-09-14 16:29:10
133,ch_2dc8bf4d9a2644a7,20251110,14,10,199,9,5,29,8,succeeded,205.25,136.5,4.26,132.24,0.0,False,False,False,False,,,desktop,2026-09-14 16:29:10
134,ch_ee5e0f1ba1ca4e60,20251110,15,19,122,2,4,50,9,succeeded,25957.89,16.85,0.79,16.06,0.0,False,False,False,False,,,mobile,2026-09-14 16:29:10
135,ch_9141447da51d4387,20251110,21,53,128,5,8,,9,succeeded,29663.05,19.25,0.86,8.76,9.63,True,False,False,False,,,desktop,2026-09-14 16:29:10
136,ch_f1e6f8555e564110,20251111,10,44,162,3,3,121,2,succeeded,103.08,107.93,3.43,104.5,0.0,False,False,False,False,,,mobile,2026-09-14 16:29:10
137,ch_46702ac16ece4eb0,20251111,11,5,91,9,2,14,3,succeeded,57.51,75.3,2.48,-2.48,75.3,True,False,False,False,,,mobile,2026-09-14 16:29:10
138,ch_526ab17c594b49ab,20251111,23,38,10,11,2,105,1,succeeded,116.54,116.54,3.68,112.86,0.0,False,True,False,True,,,mobile,2026-09-14 16:29:10
139,ch_7ac214165682462c,20251112,15,52,126,2,1,,4,succeeded,38.84,29.17,1.15,28.02,0.0,False,False,False,False,,,mobile,2026-09-14 16:29:10
140,ch_8921a6648fe34a56,20251112,17,51,152,9,4,142,9,succeeded,60586.26,39.5,1.45,38.05,0.0,False,False,False,False,,,mobile,2026-09-14 16:29:10
141,ch_73f152aa38514fa8,20251112,18,18,38,9,7,,4,succeeded,75.14,56.44,1.94,54.5,0.0,False,False,False,False,,,desktop,2026-09-14 16:29:10
142,ch_5f114031dd6a4a3f,20251113,2,47,192,4,4,,5,succeeded,138.24,25.93,1.05,24.88,0.0,False,False,False,False,,,mobile,2026-09-14 16:29:10
143,ch_3c037a9f15ed45ac,20251113,3,23,28,5,3,63,2,succeeded,149.45,156.71,4.84,151.87,0.0,False,True,False,False,,,tablet,2026-09-14 16:29:10
144,ch_41780a1b7fac4ae2,20251113,11,30,93,1,1,,6,succeeded,216.07,167.53,5.16,162.37,0.0,False,False,False,False,,,mobile,2026-09-14 16:29:10
145,ch_298b97f53ba74af7,20251113,11,6,197,7,3,16,3,succeeded,67.86,88.96,2.88,86.08,0.0,False,False,False,False,,,mobile,2026-09-14 16:29:10
146,ch_5a8448624c144a2b,20251113,13,7,93,1,1,20,2,succeeded,42.12,44.17,1.58,42.59,0.0,False,False,False,False,,,desktop,2026-09-14 16:29:10
147,ch_604d8fa3af0f4c4a,20251113,13,20,174,8,5,54,9,succeeded,73627.95,48.01,1.69,46.32,0.0,False,True,False,False,,,mobile,2026-09-14 16:29:10
148,ch_c588f15c60894245,20251113,16,39,197,7,3,108,3,failed,91.76,120.29,0.0,0.0,0.0,False,False,False,False,,,mobile,2026-09-14 16:29:10
149,ch_f9f75297f51c4ac6,20251113,16,7,188,4,4,19,2,succeeded,88.62,92.93,2.99,89.94,0.0,False,False,False,False,,,mobile,2026-09-14 16:29:10
150,ch_6df6fd8812d7416e,20251113,21,3,40,2,2,9,8,succeeded,97.72,64.99,2.18,62.81,0.0,False,False,False,False,,,desktop,2026-09-14 16:29:10
151,ch_69ae851a9fc24952,20251113,22,9,9,4,3,,2,succeeded,95.23,99.86,3.2,96.66,0.0,False,False,False,False,,,tablet,2026-09-14 16:29:10
152,ch_2d5522e8cac64216,20251114,1,12,116,1,3,35,7,succeeded,6987.0,46.98,1.66,45.32,0.0,False,False,False,True,0.5567,medium,mobile,2026-09-14 16:29:10
153,ch_f8120b59b1094abf,20251115,16,41,138,6,6,112,2,succeeded,76.22,79.61,2.61,77.0,0.0,False,False,False,True,,,desktop,2026-09-14 16:29:10
154,ch_5618cd7ae9f8400c,20251116,9,10,132,6,3,29,8,succeeded,205.25,135.34,4.22,131.12,0.0,False,False,False,False,,,desktop,2026-09-14 16:29:10
155,ch_62029cfced6b467f,20251116,12,6,19,2,5,18,3,succeeded,31.96,41.89,1.51,40.38,0.0,False,False,False,False,,,desktop,2026-09-14 16:29:10
156,ch_0682a3c5cac949ec,20251117,6,25,35,6,2,69,9,succeeded,50799.43,33.36,1.27,32.09,0.0,False,False,False,False,,,mobile,2026-09-14 16:29:10
157,ch_dfa40f9fadfc4280,20251117,7,1,89,9,2,1,1,succeeded,169.96,169.96,5.23,164.73,0.0,False,False,False,True,,,mobile,2026-09-14 16:29:10
158,ch_e24aeb834e9148d9,20251117,8,20,193,3,3,52,9,succeeded,49495.73,32.51,1.24,31.27,0.0,False,False,False,True,,,desktop,2026-09-14 16:29:10
159,ch_80a3a4938b6c4e47,20251117,14,49,78,8,1,138,2,succeeded,98.67,102.95,3.29,99.66,0.0,False,False,False,False,,,mobile,2026-09-14 16:29:10
160,ch_56facb1617064f23,20251117,15,45,118,6,4,125,1,succeeded,81.29,81.29,2.66,78.63,0.0,False,False,False,False,,,mobile,2026-09-14 16:29:10
161,ch_919619467c4549e1,20251118,9,30,116,11,3,81,6,succeeded,200.37,156.71,4.84,151.87,0.0,False,False,False,False,,,tablet,2026-09-14 16:29:10
162,ch_0a8d0a26bbc04bd1,20251118,12,24,192,4,4,66,2,succeeded,75.98,79.59,2.61,76.98,0.0,False,False,False,True,,,mobile,2026-09-14 16:29:10
163,ch_085d1612b7e14071,20251119,15,35,129,7,6,96,9,succeeded,70962.77,46.64,1.65,44.99,0.0,False,False,False,False,,,mobile,2026-09-14 16:29:10
164,ch_22b018fc34c9401d,20251120,10,9,124,8,3,25,2,succeeded,104.83,110.12,3.49,106.63,0.0,False,False,False,False,,,mobile,2026-09-14 16:29:10
165,ch_fadf5b9a739d4670,20251120,17,18,178,10,4,48,4,succeeded,126.35,94.8,3.05,91.75,0.0,False,False,False,False,,,mobile,2026-09-14 16:29:10
166,ch_f92dbffa249a43e5,20251122,9,30,28,10,3,81,6,succeeded,200.37,156.03,4.82,151.21,0.0,False,False,False,False,0.5495,medium,mobile,2026-09-14 16:29:10
167,ch_093155864cd540a0,20251122,13,10,155,11,2,28,8,succeeded,262.32,174.47,5.36,169.11,0.0,False,False,False,False,,,desktop,2026-09-14 16:29:10
168,ch_d5ad1fef4bec4c3f,20251122,16,29,157,2,4,78,5,succeeded,149.52,28.2,1.12,27.08,0.0,False,False,False,False,,,desktop,2026-09-14 16:29:10
169,ch_57fff8d5b2a249e7,20251122,16,39,169,2,4,108,3,succeeded,91.76,119.84,3.78,116.06,0.0,False,False,False,False,,,mobile,2026-09-14 16:29:10
170,ch_ad2535be889141b4,20251122,22,32,76,11,4,85,2,succeeded,30.3,31.8,1.22,30.58,0.0,False,False,False,False,,,mobile,2026-09-14 16:29:10
171,ch_53b8170721574044,20251124,1,29,61,3,5,78,5,succeeded,149.52,28.32,1.12,27.2,0.0,False,False,False,True,0.3434,medium,mobile,2026-09-14 16:29:10
172,ch_23102279cc6d4e52,20251125,7,15,48,11,2,,3,succeeded,85.7,111.44,3.53,107.91,0.0,False,False,False,False,,,mobile,2026-09-14 16:29:10
173,ch_2ee219dd222a495f,20251125,10,48,29,5,5,133,7,succeeded,11008.0,74.5,2.46,72.04,0.0,False,False,False,False,,,desktop,2026-09-14 16:29:10
174,ch_5df0226243f945ce,20251125,11,8,185,11,8,,2,succeeded,68.57,72.37,2.4,69.97,0.0,False,False,False,False,,,mobile,2026-09-14 16:29:10
175,ch_687ded12706c4b20,20251125,13,16,91,9,2,44,2,failed,82.08,86.63,0.0,0.0,0.0,False,False,False,False,,,mobile,2026-09-14 16:29:10
176,ch_c6d3cfd19f8342e9,20251125,16,45,165,10,6,,1,succeeded,74.3,74.3,2.45,71.85,0.0,False,False,False,False,,,mobile,2026-09-14 16:29:10
177,ch_b009a8fe19e64d9a,20251125,19,29,181,8,7,77,5,succeeded,575.22,109.19,3.47,105.72,0.0,False,False,False,False,,,mobile,2026-09-14 16:29:10
178,ch_c74b82533dd94c7c,20251126,20,30,69,5,4,80,6,succeeded,29.43,22.77,0.96,21.81,0.0,False,False,False,False,,,desktop,2026-09-14 16:29:10
179,ch_cb1e7c819d53451c,20251127,9,51,113,7,1,144,9,failed,83306.58,55.37,0.0,0.0,0.0,False,False,False,False,,,mobile,2026-09-14 16:29:10
180,ch_627fa6b2019a45f9,20251127,11,4,162,8,3,11,3,succeeded,13.52,17.6,0.81,16.79,0.0,False,False,False,False,,,mobile,2026-09-14 16:29:10
181,ch_7e208276cd1c45f1,20251127,11,46,99,7,2,127,7,succeeded,17741.0,120.16,3.78,116.38,0.0,False,False,False,False,,,desktop,2026-09-14 16:29:10
182,ch_2c19395764c44b65,20251128,15,13,99,7,2,39,3,succeeded,88.22,114.82,3.63,111.19,0.0,False,False,False,False,,,desktop,2026-09-14 16:29:10
183,ch_77af7b6db28e4240,20251129,15,40,167,7,5,,7,succeeded,11997.0,80.98,2.65,78.33,0.0,False,False,False,False,,,mobile,2026-09-14 16:29:10
184,ch_1c3fe96e9d524e21,20251129,17,42,76,11,4,,3,succeeded,141.51,183.03,5.61,177.42,0.0,False,False,False,False,,,desktop,2026-09-14 16:29:10
185,ch_c841f9ddb21f41f1,20251130,1,38,14,8,4,104,1,succeeded,63.73,63.73,2.15,61.58,0.0,False,False,False,True,,,desktop,2026-09-14 16:29:10
186,ch_d58bd21b5eb341b0,20251130,15,42,174,5,5,117,3,succeeded,101.8,131.63,4.12,127.51,0.0,False,False,False,False,,,mobile,2026-09-14 16:29:10
187,ch_e8166b481e5d42b0,20251201,14,36,95,6,2,,2,succeeded,67.98,71.67,2.38,69.29,0.0,False,False,False,False,,,desktop,2026-09-14 16:29:10
188,ch_8a096dacee86408c,20251202,10,4,31,3,2,10,3,succeeded,66.39,85.68,2.78,82.9,0.0,False,False,False,False,,,mobile,2026-09-14 16:29:10
189,ch_0fc60c15371d4495,20251202,10,49,58,10,4,,2,succeeded,58.68,61.5,2.08,59.42,0.0,False,False,False,False,,,mobile,2026-09-14 16:29:10
190,ch_15145d1b76ce4d7b,20251202,14,51,138,6,6,142,9,failed,60586.26,40.5,0.0,0.0,0.0,False,False,False,True,,,desktop,2026-09-14 16:29:10
191,ch_df0d0c3f86b14852,20251202,15,15,138,6,6,,3,succeeded,140.71,181.6,5.57,176.03,0.0,False,False,False,False,,,tablet,2026-09-14 16:29:10
192,ch_aa0228a26b8b4a5c,20251202,20,44,17,4,1,122,2,failed,135.88,142.41,0.0,0.0,0.0,False,False,False,False,,,desktop,2026-09-14 16:29:10
193,ch_4f4115026a764337,20251202,21,53,10,3,2,148,9,succeeded,85906.39,57.42,1.97,55.45,0.0,False,False,False,False,,,mobile,2026-09-14 16:29:10
194,ch_6e38753e8811429d,20251203,10,21,99,7,2,55,6,succeeded,177.61,136.73,4.27,132.46,0.0,False,False,False,False,,,mobile,2026-09-14 16:29:10
195,ch_e29e35e2ca894096,20251203,11,29,131,11,3,78,5,succeeded,149.52,28.09,1.11,26.98,0.0,False,False,False,True,,,mobile,2026-09-14 16:29:10
196,ch_172f406a8e8e4f5a,20251203,15,18,88,2,3,,4,failed,44.09,33.1,0.0,0.0,0.0,False,False,False,False,,,desktop,2026-09-14 16:29:10
197,ch_f4d2e032d3a6447d,20251204,9,20,156,10,4,52,9,succeeded,49495.73,32.94,1.26,31.68,0.0,False,False,False,False,,,desktop,2026-09-14 16:29:10
198,ch_13e509e943ed475f,20251204,14,2,49,10,7,4,9,succeeded,34750.36,23.12,0.97,22.15,0.0,False,False,False,False,,,desktop,2026-09-14 16:29:10
199,ch_3a3e2f34d40a4ba4,20251204,22,32,146,5,4,85,2,succeeded,30.3,31.77,1.22,30.55,0.0,False,False,False,True,,,mobile,2026-09-14 16:29:10
200,ch_68248bc334e24008,20251205,13,30,179,7,2,,6,succeeded,409.27,314.58,9.42,305.16,0.0,False,True,False,False,,,desktop,2026-09-14 16:29:10
201,ch_9b74ab8d7851402c,20251206,4,20,112,11,2,54,9,succeeded,73627.95,48.72,1.71,22.65,24.36,True,False,False,True,,,desktop,2026-09-14 16:29:10
202,ch_ba005965f9144247,20251206,11,23,191,3,2,63,2,succeeded,149.45,157.14,4.86,152.28,0.0,False,True,False,False,,,mobile,2026-09-14 16:29:10
203,ch_8c12f80bdcb14396,20251206,14,48,31,3,2,133,7,succeeded,11008.0,74.96,2.47,72.49,0.0,False,False,False,False,,,tablet,2026-09-14 16:29:10
204,ch_aff6aa3537944b86,20251207,4,1,84,5,2,3,1,succeeded,136.28,136.28,4.25,132.03,0.0,False,False,False,True,,,desktop,2026-09-14 16:29:10
205,ch_56172785b52244b6,20251207,9,21,79,1,1,,6,succeeded,64.12,49.44,1.73,47.71,0.0,False,False,False,False,,,mobile,2026-09-14 16:29:10
206,ch_eab858d359164d03,20251207,13,6,73,5,1,,3,failed,72.5,92.95,0.0,0.0,0.0,False,False,False,False,,,desktop,2026-09-14 16:29:10
207,ch_d15d4b46525b429e,20251207,13,34,34,9,3,93,2,succeeded,136.01,142.66,4.44,138.22,0.0,False,False,False,False,,,mobile,2026-09-14 16:29:10
208,ch_ea2cdb69ddf54e02,20251208,19,6,16,5,4,,3,succeeded,99.64,128.11,4.02,124.09,0.0,False,False,False,False,,,desktop,2026-09-14 16:29:10
209,ch_d9f9a1d46b564525,20251210,8,18,12,4,5,46,4,succeeded,239.24,180.73,5.54,175.19,0.0,False,False,False,True,,,desktop,2026-09-14 16:29:10
210,ch_14c5ad868cad45af,20251210,10,41,199,7,5,112,2,succeeded,76.22,80.13,2.62,17.42,60.09,True,False,False,True,,,mobile,2026-09-14 16:29:10
211,ch_e44bcb6f269745c5,20251210,17,47,119,2,4,,5,succeeded,585.01,109.81,3.48,106.33,0.0,False,False,False,False,,,desktop,2026-09-14 16:29:10
212,ch_9ac7c69ede774d7b,20251210,21,42,107,1,5,116,3,succeeded,83.41,107.09,3.41,103.68,0.0,False,False,False,True,,,desktop,2026-09-14 16:29:10
213,ch_d8563f3266434e25,20251211,18,53,31,3,3,,9,succeeded,37567.78,24.73,1.02,23.71,0.0,False,True,False,False,,,desktop,2026-09-14 16:29:10
214,ch_202d443ac28047f0,20251212,19,47,148,10,5,,5,succeeded,638.66,119.44,3.76,115.68,0.0,False,False,False,False,,,desktop,2026-09-14 16:29:10
215,ch_4039684011c042db,20251213,18,35,174,8,4,95,9,succeeded,35742.9,23.67,0.99,22.68,0.0,False,False,False,False,,,mobile,2026-09-14 16:29:10
216,ch_c8ef422ca1d6441b,20251214,14,41,8,7,2,112,2,succeeded,76.22,80.38,2.63,77.75,0.0,False,False,False,False,,,desktop,2026-09-14 16:29:10
217,ch_231a3fb32a4b416a,20251215,6,47,197,1,3,,5,succeeded,487.76,91.14,2.94,88.2,0.0,False,False,False,False,,,mobile,2026-09-14 16:29:10
218,ch_5704abac059741e1,20251215,15,16,81,6,5,43,2,succeeded,3.73,3.93,0.41,3.52,0.0,False,False,False,True,0.4432,medium,desktop,2026-09-14 16:29:10
219,ch_d138bd290e164838,20251215,16,41,138,6,6,112,2,succeeded,76.22,80.21,2.63,77.58,0.0,False,False,False,True,,,mobile,2026-09-14 16:29:10
220,ch_519b09a1df184f2f,20251215,16,8,56,2,8,22,2,succeeded,15.7,16.52,0.78,3.35,12.39,True,False,False,False,0.4489,medium,mobile,2026-09-14 16:29:10
221,ch_2cbe59ef08e94739,20251216,15,24,36,1,2,66,2,succeeded,75.98,79.88,2.62,77.26,0.0,False,False,False,False,,,desktop,2026-09-14 16:29:10
222,ch_9f0316cb3ce34b2a,20251216,21,3,165,10,6,8,8,succeeded,243.09,159.18,4.92,154.26,0.0,False,False,False,False,,,mobile,2026-09-14 16:29:10
223,ch_15db332141fd4ca6,20251217,8,20,193,3,3,52,9,succeeded,49495.73,32.79,1.25,31.54,0.0,False,False,False,True,,,desktop,2026-09-14 16:29:10
224,ch_480b876b7e904b26,20251217,10,30,142,11,1,81,6,succeeded,200.37,154.95,4.79,150.16,0.0,False,False,False,False,,,desktop,2026-09-14 16:29:10
225,ch_424edd9323094499,20251217,17,3,159,2,3,7,8,succeeded,201.32,132.52,4.14,128.38,0.0,False,False,False,False,,,mobile,2026-09-14 16:29:10
226,ch_691a0037bb48441f,20251218,3,45,177,2,4,,1,failed,89.65,89.65,0.0,0.0,0.0,False,False,True,False,0.9154,critical,desktop,2026-09-14 16:29:10
227,ch_7ea2b41919a04a3c,20251218,9,40,73,5,1,110,7,succeeded,10310.0,69.09,2.3,66.79,0.0,False,False,False,False,,,mobile,2026-09-14 16:29:10
228,ch_479ff8fceef1406b,20251218,12,24,192,4,3,66,2,failed,75.98,79.43,0.0,0.0,0.0,False,False,False,True,,,mobile,2026-09-14 16:29:10
229,ch_6026ad2ce3c4407f,20251218,14,6,157,2,4,,3,succeeded,20.93,26.69,1.07,25.62,0.0,False,False,False,False,,,mobile,2026-09-14 16:29:10
230,ch_7cbf487f4f2548a2,20251218,15,1,94,6,8,1,1,succeeded,169.96,169.96,5.23,164.73,0.0,False,False,False,True,,,desktop,2026-09-14 16:29:10
231,ch_d1f7cdc774c0425b,20251220,11,19,180,8,7,51,9,succeeded,57228.29,38.1,1.4,36.7,0.0,False,False,False,False,,,tablet,2026-09-14 16:29:10
232,ch_013daba745b44a08,20251221,8,5,172,6,8,,3,succeeded,90.33,114.99,3.63,111.36,0.0,False,True,False,False,,,mobile,2026-09-14 16:29:10
233,ch_82ae807bb19a4b18,20251221,14,37,199,7,5,102,2,succeeded,86.46,90.54,2.93,87.61,0.0,False,False,False,False,,,mobile,2026-09-14 16:29:10
234,ch_01140049be754acc,20251221,16,29,107,1,5,78,5,succeeded,149.52,27.7,1.1,26.6,0.0,False,False,False,False,,,desktop,2026-09-14 16:29:10
235,ch_b282979ee2cc4cd5,20251222,10,10,175,8,4,30,8,succeeded,123.44,81.24,2.66,78.58,0.0,False,False,False,False,,,desktop,2026-09-14 16:29:10
236,ch_ad425d6039d8426f,20251223,12,12,187,2,5,35,7,succeeded,6987.0,46.68,1.65,45.03,0.0,False,False,False,False,0.4818,medium,mobile,2026-09-14 16:29:10
237,ch_27ee91783dad4830,20251223,15,28,30,9,2,75,1,succeeded,75.35,75.35,2.49,72.86,0.0,False,False,False,False,,,mobile,2026-09-14 16:29:10
238,ch_d2b6267531474b02,20251223,20,44,16,5,4,,2,succeeded,63.59,66.26,2.22,64.04,0.0,False,False,False,False,,,mobile,2026-09-14 16:29:10
239,ch_160c9ea980854c5d,20251223,20,39,23,7,3,106,3,succeeded,38.16,48.64,1.71,46.93,0.0,False,False,False,False,,,mobile,2026-09-14 16:29:10
240,ch_6b9af94b3e4d46a7,20251223,21,11,15,7,3,32,7,succeeded,4245.0,28.36,1.12,27.24,0.0,False,False,False,False,,,desktop,2026-09-14 16:29:10
241,ch_0846dbcd54454fbb,20251223,22,4,86,7,5,11,3,succeeded,13.52,17.23,0.8,16.43,0.0,False,True,False,False,,,tablet,2026-09-14 16:29:10
242,ch_db56b182b87544a8,20251224,1,29,61,5,5,78,5,succeeded,149.52,27.88,1.11,26.77,0.0,False,True,False,True,,,desktop,2026-09-14 16:29:10
243,ch_d20271b68e9d4041,20251224,8,49,114,5,4,138,2,succeeded,98.67,102.69,3.28,99.41,0.0,False,False,False,False,,,mobile,2026-09-14 16:29:10
244,ch_82546fee62104bec,20251224,10,41,139,2,4,,2,succeeded,139.88,145.58,4.52,141.06,0.0,False,False,False,False,,,desktop,2026-09-14 16:29:10
245,ch_a204738c0a514d72,20251224,12,24,191,3,2,65,2,succeeded,88.06,91.65,2.96,88.69,0.0,False,False,False,False,,,mobile,2026-09-14 16:29:10
246,ch_6df24ca02e464778,20251224,21,9,17,4,1,,2,succeeded,131.04,136.38,4.26,132.12,0.0,False,False,False,False,,,desktop,2026-09-14 16:29:10
247,ch_fd62306326d74354,20251225,10,39,48,11,2,108,3,succeeded,91.76,117.03,3.69,113.34,0.0,False,False,False,False,,,mobile,2026-09-14 16:29:10
248,ch_822871e5f5c84a9f,20251225,14,29,15,7,3,,5,succeeded,807.9,150.71,4.67,146.04,0.0,False,False,False,False,,,mobile,2026-09-14 16:29:10
249,ch_f4f3220111fe4cf8,20251225,18,32,184,9,2,,2,succeeded,105.6,109.79,3.48,106.31,0.0,False,False,False,False,,,mobile,2026-09-14 16:29:10
250,ch_7bcf21cb3ca54877,20251225,18,32,184,9,2,,2,failed,41.83,43.49,0.0,0.0,0.0,False,False,False,False,,,desktop,2026-09-14 16:29:10
251,ch_d8bb03b132d748ff,20251225,18,32,184,9,2,,2,succeeded,111.31,115.72,3.66,112.06,0.0,False,False,False,False,,,mobile,2026-09-14 16:29:10
252,ch_01d674c6b2354758,20251225,18,32,184,9,2,,2,succeeded,84.98,88.35,2.86,85.49,0.0,False,False,False,False,,,desktop,2026-09-14 16:29:10
253,ch_4fdb8a45d20e4659,20251225,19,32,184,9,2,,2,succeeded,244.54,254.24,7.67,246.57,0.0,False,True,False,False,,,mobile,2026-09-14 16:29:10
254,ch_d04e32e8ace541ec,20251225,19,32,184,9,2,,2,failed,297.16,308.94,0.0,0.0,0.0,False,False,True,False,0.8691,critical,mobile,2026-09-14 16:29:10
255,ch_213f926c8aa24193,20251226,14,43,41,2,5,120,6,succeeded,108.14,83.24,2.71,80.53,0.0,False,False,False,True,,,mobile,2026-09-14 16:29:10
256,ch_8948c3d550e74a05,20251226,16,16,114,5,4,43,2,succeeded,3.73,3.87,0.41,3.46,0.0,False,False,False,False,,,mobile,2026-09-14 16:29:10
257,ch_6d4a5138321449fb,20251228,7,17,9,1,3,46,4,succeeded,239.24,181.2,5.55,175.65,0.0,False,False,False,False,,,mobile,2026-09-14 16:29:10
258,ch_e112cf5369434ef7,20251228,8,21,27,1,2,55,6,succeeded,177.61,135.85,4.24,131.61,0.0,False,False,False,False,,,mobile,2026-09-14 16:29:10
259,ch_2aca72eebd6445b6,20251228,11,24,70,3,4,66,2,succeeded,75.98,78.86,2.59,76.27,0.0,False,False,False,False,,,desktop,2026-09-14 16:29:10
260,ch_c440612bd1f64e03,20251229,0,32,147,8,1,85,2,succeeded,30.3,31.63,1.22,30.41,0.0,False,False,False,True,0.516,medium,mobile,2026-09-14 16:29:10
261,ch_afa946304e3e4d55,20251229,7,24,152,9,4,,2,succeeded,43.84,45.76,1.63,44.13,0.0,False,False,False,False,,,mobile,2026-09-14 16:29:10
262,ch_1472bc1b39ea414a,20251229,7,43,68,1,6,118,6,succeeded,3.25,2.49,0.37,2.12,0.0,False,False,False,True,,,desktop,2026-09-14 16:29:10
263,ch_07f981d6713949a4,20251229,10,32,182,5,4,,2,succeeded,247.58,258.42,7.79,250.63,0.0,False,False,False,False,,,tablet,2026-09-14 16:29:10
264,ch_1bb4902de3574140,20251229,17,22,176,9,2,58,9,succeeded,23398.96,15.43,0.75,14.68,0.0,False,False,False,False,,,mobile,2026-09-14 16:29:10
265,ch_dacb2e9f962f4101,20251229,17,34,147,4,1,93,2,succeeded,136.01,141.96,4.42,137.54,0.0,False,False,False,False,,,tablet,2026-09-14 16:29:10
266,ch_9c8d9e36ece54f47,20251229,23,8,177,6,4,,2,succeeded,201.23,210.04,6.39,203.65,0.0,False,False,False,False,,,mobile,2026-09-14 16:29:10
267,ch_72e90c41dbff428d,20251230,1,38,14,8,3,104,1,succeeded,63.73,63.73,2.15,61.58,0.0,False,False,False,True,,,mobile,2026-09-14 16:29:10
268,ch_28141ac1b0ca44f5,20251230,19,6,41,2,5,17,3,succeeded,87.15,110.05,3.49,106.56,0.0,False,False,False,False,,,mobile,2026-09-14 16:29:10
269,ch_3e5b67e42a0d4e6b,20251230,20,11,62,6,2,33,7,succeeded,5584.0,37.51,1.39,36.12,0.0,False,False,False,False,,,desktop,2026-09-14 16:29:10
270,ch_317fb934f61e4ede,20251231,10,16,21,10,6,44,2,succeeded,82.08,85.78,2.79,82.99,0.0,False,False,False,True,0.3484,medium,mobile,2026-09-14 16:29:10
271,ch_b59e4c5462c24ede,20251231,16,51,114,5,4,,9,succeeded,122363.6,80.67,2.64,78.03,0.0,False,False,False,False,,,desktop,2026-09-14 16:29:10
272,ch_f700531a1bb84037,20260101,10,45,132,6,3,125,1,succeeded,81.29,81.29,2.66,78.63,0.0,False,False,False,False,,,mobile,2026-09-14 16:29:10
273,ch_a3a9b422cabb4a34,20260102,2,45,47,2,5,124,1,succeeded,61.3,61.3,2.08,59.22,0.0,False,False,False,False,,,mobile,2026-09-14 16:29:10
274,ch_5e5ac2262e15445c,20260102,11,29,131,4,3,78,5,succeeded,149.52,27.69,1.1,26.59,0.0,False,True,False,True,0.4899,medium,desktop,2026-09-14 16:29:10
275,ch_e47d3e2a7a114740,20260102,12,7,58,2,4,19,2,succeeded,88.62,92.07,2.97,89.1,0.0,False,True,True,False,0.663,high,desktop,2026-09-14 16:29:10
276,ch_b66e2e40e053463c,20260103,9,38,183,11,2,105,1,succeeded,116.54,116.54,3.68,112.86,0.0,False,False,False,False,,,mobile,2026-09-14 16:29:10
277,ch_d16b34d21d124c40,20260103,22,32,146,5,4,85,2,succeeded,30.3,31.48,1.21,30.27,0.0,False,False,False,True,,,desktop,2026-09-14 16:29:10
278,ch_5d6a257f5aef4f3b,20260105,4,20,112,11,2,54,9,succeeded,73627.95,48.15,1.7,46.45,0.0,False,False,False,True,,,mobile,2026-09-14 16:29:10
279,ch_e7fd94a7f6c04eca,20260105,13,38,116,11,3,103,1,succeeded,23.2,23.2,0.97,10.63,11.6,True,False,False,False,,,mobile,2026-09-14 16:29:10
280,ch_9071c74042924591,20260106,4,1,84,5,2,3,1,succeeded,136.28,136.28,4.25,132.03,0.0,False,False,False,True,,,mobile,2026-09-14 16:29:10
281,ch_790c536881044e91,20260106,8,12,26,3,4,,7,succeeded,4474.0,30.2,1.18,6.37,22.65,True,False,False,False,,,desktop,2026-09-14 16:29:10
282,ch_981f2cb4ed0e49fe,20260106,14,22,96,11,7,,9,succeeded,91538.41,59.92,2.04,57.88,0.0,False,False,False,False,,,mobile,2026-09-14 16:29:10
283,ch_6418ca0e8d8446cc,20260107,15,39,113,7,1,108,3,succeeded,91.76,117.75,3.71,114.04,0.0,False,False,False,False,,,mobile,2026-09-14 16:29:10
284,ch_478eea313a004128,20260107,20,3,125,3,4,9,8,succeeded,97.72,66.13,2.22,63.91,0.0,False,False,False,False,0.3732,medium,tablet,2026-09-14 16:29:10
285,ch_c28ad798035e488d,20260108,10,17,194,2,3,,4,succeeded,205.05,156.9,4.85,152.05,0.0,False,False,False,False,,,desktop,2026-09-14 16:29:10
286,ch_11f4fb3aa8df4ea5,20260108,11,49,107,1,5,,2,succeeded,109.72,114.87,3.63,111.24,0.0,False,False,False,False,,,mobile,2026-09-14 16:29:10
287,ch_7cec5cddb4e74208,20260108,15,31,180,8,7,82,2,succeeded,64.98,68.03,2.27,65.76,0.0,False,False,False,False,0.3002,medium,desktop,2026-09-14 16:29:10
288,ch_96d5831f851946db,20260109,1,34,194,2,4,92,2,succeeded,108.45,113.14,3.58,109.56,0.0,False,False,False,False,,,mobile,2026-09-14 16:29:10
289,ch_dc469eebf85d4128,20260109,7,5,145,9,4,13,3,succeeded,112.37,143.59,4.46,139.13,0.0,False,False,False,False,,,mobile,2026-09-14 16:29:10
290,ch_8493e1c9edf04d60,20260109,10,41,199,7,5,112,2,succeeded,76.22,79.52,2.61,76.91,0.0,False,False,False,True,,,mobile,2026-09-14 16:29:10
291,ch_1320d36c3e664e25,20260109,21,42,107,6,5,116,3,succeeded,83.41,106.59,3.39,103.2,0.0,False,False,False,True,,,desktop,2026-09-14 16:29:10
292,ch_3554024ef91344fb,20260110,13,30,106,2,4,,6,succeeded,119.57,90.7,2.93,87.77,0.0,False,False,False,False,,,mobile,2026-09-14 16:29:10
293,ch_c993c0fdc34443f7,20260110,14,41,78,8,5,,2,succeeded,93.46,97.83,3.14,21.32,73.37,True,False,False,False,,,mobile,2026-09-14 16:29:10
294,ch_2bececf6465b4d72,20260110,17,35,102,7,3,,9,succeeded,67081.79,43.78,1.57,42.21,0.0,False,False,False,False,,,tablet,2026-09-14 16:29:10
295,ch_2d17ed9c44f54ed1,20260110,18,51,153,3,2,142,9,succeeded,60586.26,39.54,1.45,38.09,0.0,False,False,False,False,,,desktop,2026-09-14 16:29:10
296,ch_28fc4f182cca4c8f,20260110,21,47,146,10,4,,5,succeeded,383.24,71.02,2.36,68.66,0.0,False,False,False,False,,,mobile,2026-09-14 16:29:10
297,ch_2c727968d4a04afd,20260111,15,19,124,6,3,,9,succeeded,15117.83,9.86,0.59,9.27,0.0,False,False,False,False,,,desktop,2026-09-14 16:29:10
298,ch_1891a1388cde4ede,20260112,10,28,168,3,5,,1,succeeded,158.73,158.73,4.9,153.83,0.0,False,False,False,False,,,mobile,2026-09-14 16:29:10
299,ch_466298898feb4b66,20260112,14,45,139,1,4,,1,succeeded,55.47,55.47,1.91,53.56,0.0,False,False,False,False,,,mobile,2026-09-14 16:29:10
300,ch_375a16b227ff4dd4,20260113,3,9,187,2,5,26,2,succeeded,149.64,156.94,4.85,152.09,0.0,False,False,False,True,,,mobile,2026-09-14 16:29:10
301,ch_912172b8c2f6481d,20260114,5,8,67,11,2,23,2,succeeded,136.25,143.5,4.46,139.04,0.0,False,True,False,False,,,mobile,2026-09-14 16:29:10
302,ch_80a3bf6f5da0410d,20260114,9,12,77,5,5,35,7,succeeded,6987.0,47.11,1.67,45.44,0.0,False,False,False,True,,,mobile,2026-09-14 16:29:10
303,ch_d2f97a30606f4a8a,20260114,15,43,138,6,6,120,6,succeeded,108.14,82.36,2.69,79.67,0.0,False,False,False,True,,,mobile,2026-09-14 16:29:10
304,ch_a9af1e0d29c84c23,20260114,16,41,138,6,6,112,2,succeeded,76.22,80.28,2.63,17.45,60.2,True,False,False,True,,,tablet,2026-09-14 16:29:10
305,ch_447bd5536cbc4d7a,20260114,19,43,64,5,2,118,6,succeeded,3.25,2.48,0.37,2.11,0.0,False,False,False,True,,,mobile,2026-09-14 16:29:10
306,ch_254d024705764bb0,20260115,0,32,137,4,3,85,2,succeeded,30.3,31.78,1.22,30.56,0.0,False,False,True,False,0.6694,high,tablet,2026-09-14 16:29:10
307,ch_be85aae990d141f5,20260115,12,2,151,8,1,6,9,succeeded,66494.26,43.49,1.56,41.93,0.0,False,False,False,False,,,mobile,2026-09-14 16:29:10
308,ch_b18139210e8c4c59,20260115,15,47,186,5,5,132,5,succeeded,360.97,67.04,2.24,64.8,0.0,False,False,False,False,,,desktop,2026-09-14 16:29:10
309,ch_fc8fd2b283854e46,20260117,12,24,192,4,3,66,2,succeeded,75.98,80.35,2.63,77.72,0.0,False,False,False,True,,,mobile,2026-09-14 16:29:10
310,ch_9e15eac1210b40ed,20260118,23,21,157,2,4,55,6,succeeded,177.61,134.39,4.2,130.19,0.0,False,False,False,False,,,tablet,2026-09-14 16:29:10
311,ch_caf1714989cf4242,20260119,15,33,153,3,2,,1,succeeded,168.14,168.14,5.18,162.96,0.0,False,False,False,False,,,mobile,2026-09-14 16:29:10
312,ch_33dfc2c74e754a0c,20260119,19,29,117,7,2,78,5,succeeded,149.52,27.83,1.11,26.72,0.0,False,False,False,True,,,desktop,2026-09-14 16:29:10
313,ch_44ac9c54e3d84c51,20260121,13,50,147,4,1,,8,succeeded,131.92,90.45,2.92,87.53,0.0,False,False,False,False,,,mobile,2026-09-14 16:29:10
314,ch_a9ed6f6f30724b75,20260121,20,48,154,5,4,134,7,succeeded,7919.0,53.78,1.86,51.92,0.0,False,False,False,False,,,mobile,2026-09-14 16:29:10
315,ch_918bdcbd8d9e472a,20260122,11,27,126,2,7,70,1,succeeded,36.02,36.02,1.34,34.68,0.0,False,False,False,False,,,desktop,2026-09-14 16:29:10
316,ch_22a0d55607494700,20260122,12,3,106,2,4,,8,succeeded,143.51,98.07,3.14,94.93,0.0,False,False,False,False,,,mobile,2026-09-14 16:29:10
317,ch_d8590a1d2d3649ca,20260122,17,25,138,6,6,69,9,succeeded,50799.43,33.12,1.26,31.86,0.0,False,False,False,False,,,desktop,2026-09-14 16:29:10
318,ch_eeeb542c69a24f39,20260123,1,29,61,5,5,78,5,succeeded,149.52,28.09,1.11,26.98,0.0,False,False,False,True,,,desktop,2026-09-14 16:29:10
319,ch_2834ea1598cf4b84,20260123,14,14,173,4,5,,3,succeeded,134.9,172.47,5.3,167.17,0.0,False,False,False,False,,,mobile,2026-09-14 16:29:10
320,ch_058c6c6c7a4f45f6,20260124,17,32,187,2,5,,2,succeeded,42.52,44.36,1.59,42.77,0.0,False,False,False,False,,,desktop,2026-09-14 16:29:10
321,ch_b9c9f6f8292d4a64,20260124,20,12,185,11,8,34,7,succeeded,6609.0,44.98,1.6,43.38,0.0,False,False,False,False,,,mobile,2026-09-14 16:29:10
322,ch_f0b5c8fc6f904ff9,20260124,22,33,2,10,1,,1,succeeded,163.06,163.06,5.03,158.03,0.0,False,False,False,False,,,mobile,2026-09-14 16:29:10
323,ch_2ea16f4627ea4d26,20260125,10,5,99,7,2,14,3,succeeded,57.51,73.03,2.42,70.61,0.0,False,True,False,False,,,mobile,2026-09-14 16:29:10
324,ch_45e3713eeefd4b4f,20260125,12,44,196,9,2,122,2,succeeded,135.88,141.97,4.42,137.55,0.0,False,False,False,False,,,desktop,2026-09-14 16:29:10
325,ch_aca468d47fa84e84,20260125,12,31,175,8,4,,2,succeeded,99.23,103.67,3.31,100.36,0.0,False,False,False,False,,,mobile,2026-09-14 16:29:10
326,ch_d8be88afbc744f00,20260125,12,31,175,7,4,,2,succeeded,164.84,172.22,5.29,166.93,0.0,False,False,False,False,,,mobile,2026-09-14 16:29:10
327,ch_49804d14e56a4875,20260125,12,31,175,8,4,,2,succeeded,84.88,88.68,2.87,85.81,0.0,False,False,False,False,,,desktop,2026-09-14 16:29:10
328,ch_d8fe2f6909f04d5f,20260125,12,31,175,8,4,,2,failed,59.69,62.36,0.0,0.0,0.0,False,False,False,False,,,tablet,2026-09-14 16:29:10
329,ch_53676312b0c24f07,20260125,13,31,175,8,4,,2,succeeded,113.04,118.1,3.72,114.38,0.0,False,False,False,False,,,desktop,2026-09-14 16:29:10
330,ch_668565b3bf384e7d,20260125,19,17,122,10,2,,4,succeeded,273.09,209.23,6.37,202.86,0.0,False,False,False,False,,,desktop,2026-09-14 16:29:10
331,ch_5205b541042046c1,20260126,17,1,74,10,1,2,1,succeeded,141.81,141.81,4.41,137.4,0.0,False,False,False,False,,,mobile,2026-09-14 16:29:10
332,ch_6a0343d85d144a75,20260127,17,2,41,9,1,5,9,succeeded,24992.08,16.36,0.77,15.59,0.0,False,False,True,False,0.8144,high,mobile,2026-09-14 16:29:10
333,ch_9a70da3f1ad44e2e,20260128,0,32,147,4,1,85,2,succeeded,30.3,31.64,1.22,30.42,0.0,False,False,False,True,,,mobile,2026-09-14 16:29:10
334,ch_c8b1a5ec1e1f4c50,20260128,16,28,197,7,3,,1,succeeded,103.55,103.55,3.3,100.25,0.0,False,False,False,False,,,mobile,2026-09-14 16:29:10
335,ch_5dc69faaaf7d4129,20260128,17,37,25,7,3,,2,succeeded,74.68,77.99,2.56,75.43,0.0,False,False,False,False,,,desktop,2026-09-14 16:29:10
336,ch_17176bc1784946c9,20260129,1,38,14,8,3,104,1,succeeded,63.73,63.73,2.15,61.58,0.0,False,False,False,True,,,desktop,2026-09-14 16:29:10
337,ch_0f73490ca3fb4567,20260129,10,23,122,2,2,61,2,succeeded,36.97,38.57,1.42,37.15,0.0,False,False,False,False,,,mobile,2026-09-14 16:29:10
338,ch_939b0a912efa4288,20260129,11,25,73,5,1,69,9,succeeded,50799.43,33.46,1.27,32.19,0.0,False,False,False,False,,,desktop,2026-09-14 16:29:10
339,ch_6937547839704d6d,20260129,22,36,35,6,2,98,2,succeeded,68.49,71.45,2.37,69.08,0.0,False,False,False,False,,,mobile,2026-09-14 16:29:10
340,ch_48e0a345f1a7466a,20260131,13,42,97,11,5,,3,succeeded,48.25,61.43,2.08,59.35,0.0,False,True,False,False,,,mobile,2026-09-14 16:29:10
341,ch_2a646b4624894661,20260131,18,1,80,11,5,,1,succeeded,204.4,204.4,6.23,198.17,0.0,False,False,False,False,,,mobile,2026-09-14 16:29:10
342,ch_4da904920f6e41cd,20260131,21,5,180,8,7,15,3,succeeded,99.02,126.06,3.96,27.55,94.55,True,False,False,False,,,mobile,2026-09-14 16:29:10
343,ch_cbadae21c8fa4489,20260201,5,52,150,8,4,145,4,succeeded,132.14,101.52,3.24,98.28,0.0,False,False,False,False,,,desktop,2026-09-14 16:29:10
344,ch_d773df323562462e,20260201,11,29,131,11,3,78,5,succeeded,149.52,28.35,1.12,27.23,0.0,False,False,False,True,,,tablet,2026-09-14 16:29:10
345,ch_07151e8fa9184d92,20260201,13,51,146,5,4,142,9,succeeded,60586.26,40.32,1.47,38.85,0.0,False,False,False,True,,,mobile,2026-09-14 16:29:10
346,ch_0fbc2dc8b9344e7a,20260201,14,53,50,6,2,149,9,succeeded,62441.0,41.56,1.51,40.05,0.0,False,False,False,False,,,mobile,2026-09-14 16:29:10
347,ch_12059fe5778c4c64,20260201,17,52,127,10,3,145,4,succeeded,132.14,101.52,3.24,98.28,0.0,False,False,False,False,,,mobile,2026-09-14 16:29:10
348,ch_4a61525bf51c49ba,20260201,20,46,170,4,8,129,7,succeeded,6861.0,47.04,1.66,45.38,0.0,False,False,False,False,,,mobile,2026-09-14 16:29:10
349,ch_ad5cceab56ec4809,20260202,14,29,24,8,5,78,5,succeeded,149.52,28.48,1.13,27.35,0.0,False,False,False,False,,,mobile,2026-09-14 16:29:10
350,ch_b57d2d2365604b70,20260202,22,32,146,5,4,85,2,succeeded,30.3,31.72,1.22,30.5,0.0,False,False,False,True,,,mobile,2026-09-14 16:29:10
351,ch_61da4cb42cda4d60,20260203,14,42,45,10,2,116,3,succeeded,83.41,105.74,3.37,102.37,0.0,False,False,False,True,,,desktop,2026-09-14 16:29:10
352,ch_767cfe0599f04400,20260204,4,20,112,10,2,54,9,failed,73627.95,49.34,0.0,0.0,0.0,False,False,True,True,0.9399,critical,desktop,2026-09-14 16:29:10
353,ch_f9d04b5694d34b22,20260204,4,40,140,3,2,110,7,succeeded,10310.0,70.25,2.34,67.91,0.0,False,False,False,False,,,desktop,2026-09-14 16:29:10
354,ch_75d4c1c1ea0043e9,20260204,11,16,198,4,1,45,2,succeeded,26.85,27.99,1.11,26.88,0.0,False,False,False,True,,,desktop,2026-09-14 16:29:10
355,ch_7c09055968404f9e,20260204,23,1,145,9,4,1,1,succeeded,169.96,169.96,5.23,164.73,0.0,False,False,False,True,,,mobile,2026-09-14 16:29:10
356,ch_533dcb094aa74a5c,20260205,4,1,84,5,2,3,1,succeeded,136.28,136.28,4.25,132.03,0.0,False,False,False,True,0.3574,medium,tablet,2026-09-14 16:29:10
357,ch_07423e87c13b4f5f,20260205,17,44,186,5,5,123,2,failed,26.7,27.85,0.0,0.0,0.0,False,False,False,False,,,mobile,2026-09-14 16:29:10
358,ch_bfa74e77e91445be,20260206,9,45,183,11,2,125,1,succeeded,81.29,81.29,2.66,78.63,0.0,False,False,False,False,,,mobile,2026-09-14 16:29:10
359,ch_a0cf8a107b174ede,20260206,9,28,46,4,2,,1,succeeded,35.7,35.7,1.34,34.36,0.0,False,False,False,False,,,mobile,2026-09-14 16:29:10
360,ch_bde42dc6b9d14875,20260206,13,10,89,9,2,,8,succeeded,106.29,72.94,2.42,70.52,0.0,False,False,False,False,,,mobile,2026-09-14 16:29:10
361,ch_0497193bc25748d0,20260206,15,49,83,3,2,137,2,succeeded,20.64,21.58,0.93,20.65,0.0,False,False,False,False,,,mobile,2026-09-14 16:29:10
362,ch_080e3bcc95804c25,20260206,18,20,22,4,1,54,9,succeeded,73627.95,49.37,1.73,47.64,0.0,False,True,False,False,,,desktop,2026-09-14 16:29:10
363,ch_8963b92844684dd9,20260206,19,21,133,2,5,55,6,succeeded,177.61,133.23,4.16,129.07,0.0,False,False,False,False,,,mobile,2026-09-14 16:29:10
364,ch_eaa0f10a02914cba,20260207,6,49,75,6,3,,2,succeeded,73.68,76.75,2.53,74.22,0.0,False,True,False,False,,,mobile,2026-09-14 16:29:10
365,ch_77291abe079346cf,20260207,18,43,162,8,3,119,6,succeeded,205.34,153.9,4.76,149.14,0.0,False,False,False,False,,,mobile,2026-09-14 16:29:10
366,ch_41f825afc94a4c66,20260208,10,41,199,7,5,112,2,failed,76.22,79.08,0.0,0.0,0.0,False,False,False,True,,,desktop,2026-09-14 16:29:10
367,ch_6624975fda674d35,20260208,21,42,107,1,5,116,3,succeeded,83.41,105.18,3.35,101.83,0.0,False,False,False,True,,,desktop,2026-09-14 16:29:10
368,ch_16f7060d22194019,20260209,7,40,188,4,2,110,7,succeeded,10310.0,70.43,2.34,68.09,0.0,False,False,False,False,,,mobile,2026-09-14 16:29:10
369,ch_92257fc21e8a4894,20260210,7,16,193,3,3,43,2,succeeded,3.73,3.88,0.41,3.47,0.0,False,True,False,True,,,mobile,2026-09-14 16:29:10
370,ch_3c07ebeb3bfc4675,20260210,10,20,27,1,2,53,9,succeeded,50940.45,34.35,1.3,33.05,0.0,False,False,False,True,,,mobile,2026-09-14 16:29:10
371,ch_dcb5409ab43f4288,20260210,11,23,136,5,5,61,2,succeeded,36.97,38.45,1.42,37.03,0.0,False,False,False,False,,,mobile,2026-09-14 16:29:10
372,ch_d770a2a9530a4e8b,20260210,21,50,10,1,2,141,8,succeeded,155.77,106.55,3.39,103.16,0.0,False,False,False,False,,,desktop,2026-09-14 16:29:10
373,ch_77e5db83676a48c8,20260211,9,38,17,4,1,105,1,succeeded,116.54,116.54,3.68,112.86,0.0,False,False,False,False,,,mobile,2026-09-14 16:29:10
374,ch_773eca8833eb4494,20260211,17,47,58,10,5,,5,succeeded,176.33,33.14,1.26,31.88,0.0,False,False,False,False,,,tablet,2026-09-14 16:29:10
375,ch_42e51254f98849b1,20260212,0,32,61,5,5,,2,succeeded,145.31,151.41,4.69,146.72,0.0,False,False,False,False,,,tablet,2026-09-14 16:29:10
376,ch_1cb4329164f94de5,20260212,19,11,54,11,3,33,7,failed,5584.0,37.93,0.0,0.0,0.0,False,False,False,False,,,mobile,2026-09-14 16:29:10
377,ch_70dbe23df6ab442c,20260213,10,32,196,11,2,85,2,succeeded,30.3,31.51,1.21,30.3,0.0,False,False,False,True,,,desktop,2026-09-14 16:29:10
378,ch_fdc8e98320894478,20260213,13,52,90,6,1,146,4,succeeded,217.91,170.01,5.23,164.78,0.0,False,False,False,False,,,mobile,2026-09-14 16:29:10
379,ch_e11b33524aee414d,20260213,16,41,138,6,6,112,2,succeeded,76.22,79.26,2.6,76.66,0.0,False,False,False,True,,,mobile,2026-09-14 16:29:10
380,ch_ac19f4af891a45da,20260213,19,51,150,8,4,,9,succeeded,99983.73,67.32,2.25,65.07,0.0,False,False,False,False,,,mobile,2026-09-14 16:29:10
381,ch_b133b1ceb0e64d36,20260214,17,22,98,6,2,60,9,succeeded,47100.88,31.51,1.21,30.3,0.0,False,False,False,False,,,mobile,2026-09-14 16:29:10
382,ch_e687e8a540f14da1,20260214,20,25,129,9,6,,9,succeeded,84073.99,56.25,1.93,54.32,0.0,False,False,False,False,,,mobile,2026-09-14 16:29:10
383,ch_fdbc3d2ddf5d4bec,20260215,15,53,7,6,3,,9,succeeded,29445.08,19.74,0.87,18.87,0.0,False,False,False,False,,,mobile,2026-09-14 16:29:10
384,ch_34483d2895704b05,20260215,18,24,86,7,5,64,2,succeeded,110.59,115.18,3.64,111.54,0.0,False,False,False,False,,,desktop,2026-09-14 16:29:10
385,ch_e9bb535edeb24277,20260215,19,1,42,9,5,2,1,succeeded,141.81,141.81,4.41,137.4,0.0,False,False,False,False,,,mobile,2026-09-14 16:29:10
386,ch_d465a66a6cd14564,20260215,19,28,113,7,1,73,1,succeeded,4.38,4.38,0.43,3.95,0.0,False,False,False,False,,,mobile,2026-09-14 16:29:10
387,ch_1a06bcff479947d9,20260216,10,20,131,11,3,52,9,succeeded,49495.73,33.27,1.26,32.01,0.0,False,False,False,False,,,mobile,2026-09-14 16:29:10
388,ch_c46d5a11dc784d16,20260216,12,27,21,1,6,71,1,succeeded,110.87,110.87,3.52,107.35,0.0,False,False,False,False,,,desktop,2026-09-14 16:29:10
389,ch_e6184a3efba14772,20260216,12,24,192,4,4,66,2,failed,75.98,78.96,0.0,0.0,0.0,False,False,False,True,,,mobile,2026-09-14 16:29:10
390,ch_7cf141d3a3ea4edc,20260217,16,4,44,3,4,10,3,succeeded,66.39,83.41,2.72,80.69,0.0,False,False,False,False,,,tablet,2026-09-14 16:29:10
391,ch_d22321ba53d74291,20260217,16,23,156,10,4,61,2,succeeded,36.97,38.64,1.42,37.22,0.0,False,False,False,False,,,mobile,2026-09-14 16:29:10
392,ch_1bb27fcd941147bd,20260217,16,2,79,1,1,5,9,succeeded,24992.08,16.77,0.79,15.98,0.0,False,False,False,False,,,desktop,2026-09-14 16:29:10
393,ch_d8009779dbd4442d,20260218,8,38,140,3,2,103,1,succeeded,23.2,23.2,0.97,22.23,0.0,False,True,False,False,,,mobile,2026-09-14 16:29:10
394,ch_fb5b989bde0d475b,20260218,18,52,176,9,2,146,4,succeeded,217.91,171.94,5.29,166.65,0.0,False,False,False,False,,,desktop,2026-09-14 16:29:10
395,ch_2607233f651b423d,20260218,19,29,117,7,2,78,5,succeeded,149.52,27.93,1.11,26.82,0.0,False,False,False,True,,,mobile,2026-09-14 16:29:10
396,ch_bb3d43235a2a424d,20260219,19,45,197,7,3,124,1,succeeded,61.3,61.3,2.08,59.22,0.0,False,False,False,False,,,mobile,2026-09-14 16:29:10
397,ch_75dbcf348cd845f6,20260219,19,29,89,9,2,,5,succeeded,236.69,44.43,1.59,42.84,0.0,False,False,False,False,,,mobile,2026-09-14 16:29:10
398,ch_79b9243075bc4e77,20260220,14,23,200,1,4,63,2,succeeded,149.45,156.15,4.83,151.32,0.0,False,False,False,False,,,mobile,2026-09-14 16:29:10
399,ch_de9db4c09ba7463b,20260220,20,5,151,8,1,,3,succeeded,97.74,122.06,3.84,118.22,0.0,False,False,False,False,,,desktop,2026-09-14 16:29:10
400,ch_c02f6bc47f8e4c5f,20260220,22,1,139,5,4,1,1,succeeded,169.96,169.96,5.23,164.73,0.0,False,False,False,True,,,mobile,2026-09-14 16:29:10
401,ch_891cdd3fcc2e4456,20260221,13,16,114,5,4,44,2,succeeded,82.08,85.51,2.78,82.73,0.0,False,False,False,True,,,desktop,2026-09-14 16:29:10
402,ch_adf164d8f67a4703,20260221,18,27,84,5,2,72,1,succeeded,87.63,87.63,2.84,84.79,0.0,False,False,False,False,,,desktop,2026-09-14 16:29:10
403,ch_a05c49b64a2b4f48,20260221,20,6,59,2,6,16,3,succeeded,67.86,84.33,2.75,81.58,0.0,False,False,False,False,,,mobile,2026-09-14 16:29:10
404,ch_1a867d2f52624fd6,20260221,23,35,56,2,8,95,9,succeeded,35742.9,24.02,1.0,23.02,0.0,False,False,False,False,,,mobile,2026-09-14 16:29:10
405,ch_e7e97b7be7824af9,20260222,1,29,61,5,5,78,5,succeeded,149.52,28.04,1.11,26.93,0.0,False,False,False,True,,,desktop,2026-09-14 16:29:10
406,ch_99449dd94734492b,20260222,2,51,96,11,7,143,9,succeeded,16440.06,11.1,0.62,10.48,0.0,False,False,False,True,,,mobile,2026-09-14 16:29:10
407,ch_e314ad36a1854ecb,20260222,18,52,127,10,3,146,4,succeeded,217.91,173.78,5.34,168.44,0.0,False,False,False,False,,,desktop,2026-09-14 16:29:10
408,ch_68b0633ce8404759,20260223,22,28,98,1,2,,1,succeeded,109.32,109.32,3.47,105.85,0.0,False,True,False,False,,,mobile,2026-09-14 16:29:10
409,ch_fb2b237a85204f7e,20260224,11,24,56,2,8,,2,succeeded,105.58,110.36,3.5,106.86,0.0,False,False,False,False,,,desktop,2026-09-14 16:29:10
410,ch_a0db3180f3a94be2,20260224,15,13,33,1,5,39,3,succeeded,88.22,109.44,3.47,105.97,0.0,False,False,False,False,,,mobile,2026-09-14 16:29:10
411,ch_eb216f0a076742af,20260224,19,47,130,10,7,130,5,succeeded,495.99,93.19,3.0,90.19,0.0,False,False,False,False,,,mobile,2026-09-14 16:29:10
412,ch_89bb00b4c9184093,20260225,3,2,24,8,5,4,9,succeeded,34750.36,23.66,0.99,-0.99,23.66,True,False,False,False,,,desktop,2026-09-14 16:29:10
413,ch_284b5ddc2dc248d4,20260225,14,25,66,5,2,67,9,succeeded,23581.83,16.06,0.77,15.29,0.0,False,False,False,False,,,mobile,2026-09-14 16:29:10
414,ch_4447cb27d5924b56,20260225,19,52,24,8,5,146,4,succeeded,217.91,174.76,5.37,169.39,0.0,False,False,False,False,,,mobile,2026-09-14 16:29:10
415,ch_7eccbbba88c34e2e,20260225,20,49,86,7,5,,2,succeeded,254.79,267.1,8.05,259.05,0.0,False,False,False,False,,,mobile,2026-09-14 16:29:10
416,ch_0d3446cdf32d4d5c,20260226,22,38,63,4,2,103,1,succeeded,23.2,23.2,0.97,22.23,0.0,False,False,False,False,,,tablet,2026-09-14 16:29:10
417,ch_c360b3c3a40f46bd,20260227,0,32,147,4,1,85,2,succeeded,30.3,31.88,1.22,30.66,0.0,False,False,False,True,,,mobile,2026-09-14 16:29:10
418,ch_885985dd67c3425c,20260227,10,5,37,8,3,,3,succeeded,20.62,25.5,1.04,24.46,0.0,False,False,False,False,,,mobile,2026-09-14 16:29:10
419,ch_c47e0752add54fe2,20260227,14,24,57,8,5,66,2,succeeded,75.98,79.95,2.62,77.33,0.0,False,False,False,False,,,mobile,2026-09-14 16:29:10
420,ch_271b2bd8fb08440c,20260227,16,21,181,10,4,57,6,succeeded,22.43,17.15,0.8,16.35,0.0,False,False,False,False,0.5054,medium,desktop,2026-09-14 16:29:10
421,ch_410637661a5140b7,20260227,17,28,38,9,1,73,1,succeeded,4.38,4.38,0.43,3.95,0.0,False,False,False,False,,,mobile,2026-09-14 16:29:10
422,ch_7eb055bc7c804966,20260228,1,38,14,8,3,104,1,succeeded,63.73,63.73,2.15,61.58,0.0,False,False,False,True,,,desktop,2026-09-14 16:29:10
423,ch_67624a36b4c94cc6,20260301,13,33,116,11,2,,1,succeeded,73.93,73.93,2.44,16.04,55.45,True,False,False,False,,,mobile,2026-09-14 16:29:10
424,ch_2e9d8dffda1b41c5,20260302,6,11,198,1,1,,7,succeeded,5976.0,41.3,1.5,39.8,0.0,False,False,False,False,0.328,medium,tablet,2026-09-14 16:29:10
425,ch_6af66b517696421a,20260302,15,28,104,7,5,74,1,succeeded,54.13,54.13,1.87,52.26,0.0,False,False,False,False,,,mobile,2026-09-14 16:29:10
426,ch_299ebe031595469f,20260302,18,36,103,3,3,97,2,succeeded,5.54,5.84,0.47,5.37,0.0,False,False,False,False,,,mobile,2026-09-14 16:29:10
427,ch_e05dbab1d1004a8e,20260303,11,29,131,11,3,78,5,succeeded,149.52,27.81,1.11,26.7,0.0,False,False,False,True,,,mobile,2026-09-14 16:29:10
428,ch_6bbed107691143c1,20260303,22,52,50,6,2,,4,succeeded,77.29,62.08,2.1,59.98,0.0,False,False,False,False,,,mobile,2026-09-14 16:29:10
429,ch_c30c4b561a0844da,20260304,13,20,55,8,3,,9,succeeded,21946.1,15.07,0.74,6.8,7.53,True,False,False,False,,,mobile,2026-09-14 16:29:10
430,ch_31ced20bcf054d03,20260304,14,16,55,6,3,45,2,succeeded,26.85,28.18,1.12,27.06,0.0,False,True,False,True,0.4521,medium,mobile,2026-09-14 16:29:10
431,ch_dcdde7f462d2472f,20260304,22,32,146,5,4,85,2,succeeded,30.3,31.8,1.22,30.58,0.0,False,False,False,True,,,desktop,2026-09-14 16:29:10
432,ch_2706eda376ed4170,20260305,9,2,93,1,1,6,9,succeeded,66494.26,45.92,1.63,44.29,0.0,False,False,False,False,,,mobile,2026-09-14 16:29:10
433,ch_23c5a67780ee4e9e,20260305,12,3,127,10,3,,8,succeeded,214.71,144.48,4.49,139.99,0.0,False,False,False,False,,,mobile,2026-09-14 16:29:10
434,ch_4d86f098c98e4c1c,20260305,14,42,45,10,7,116,3,succeeded,83.41,102.5,3.27,99.23,0.0,False,False,False,True,,,desktop,2026-09-14 16:29:10
435,ch_5df3fefe226f4e9d,20260306,4,20,112,11,2,54,9,failed,73627.95,50.77,0.0,0.0,0.0,False,False,False,True,,,desktop,2026-09-14 16:29:10
436,ch_2aa2a4e8975a4614,20260306,7,30,146,5,4,79,6,succeeded,161.59,122.89,3.86,119.03,0.0,False,False,False,False,,,tablet,2026-09-14 16:29:10
437,ch_918b6e90b8ac4dbd,20260306,11,16,198,4,1,45,2,succeeded,26.85,28.21,1.12,27.09,0.0,False,False,False,True,,,mobile,2026-09-14 16:29:10
438,ch_949bfa2b6cbf4d86,20260306,12,33,123,7,7,90,1,succeeded,39.53,39.53,1.45,38.08,0.0,False,False,False,False,,,desktop,2026-09-14 16:29:10
439,ch_8d571d593c684d6c,20260306,14,39,136,5,5,107,3,succeeded,77.21,94.71,3.05,91.66,0.0,False,False,False,False,,,mobile,2026-09-14 16:29:10
440,ch_322134d87ad14c77,20260306,15,21,22,4,1,55,6,succeeded,177.61,135.07,4.22,130.85,0.0,False,False,False,False,,,mobile,2026-09-14 16:29:10
441,ch_a8309d1ebdf24aec,20260307,4,1,84,5,2,3,1,succeeded,136.28,136.28,4.25,132.03,0.0,False,False,False,True,,,desktop,2026-09-14 16:29:10
442,ch_17ee9ea346134f33,20260309,12,32,20,11,7,85,2,succeeded,30.3,31.94,1.23,30.71,0.0,False,False,False,True,,,mobile,2026-09-14 16:29:10
443,ch_1764ac1bb60340d0,20260309,18,13,15,7,3,38,3,succeeded,65.29,80.15,2.62,77.53,0.0,False,False,False,True,,,desktop,2026-09-14 16:29:10
444,ch_6f53173693c440db,20260309,19,27,61,5,5,72,1,succeeded,87.63,87.63,2.84,84.79,0.0,False,False,False,False,,,mobile,2026-09-14 16:29:10
445,ch_7535b04d4d664250,20260310,11,7,120,3,3,20,2,succeeded,42.12,44.59,1.59,43.0,0.0,False,False,False,False,,,mobile,2026-09-14 16:29:10
446,ch_9a6efe0d3e694b12,20260310,21,42,107,1,5,116,3,succeeded,83.41,102.83,3.28,99.55,0.0,False,False,False,True,,,desktop,2026-09-14 16:29:10
447,ch_52c4edab17734221,20260311,12,31,188,4,4,84,2,succeeded,141.35,149.51,4.64,144.87,0.0,False,False,False,False,,,tablet,2026-09-14 16:29:10
448,ch_71860176c02149a8,20260312,10,20,27,1,2,53,9,succeeded,50940.45,35.47,1.33,34.14,0.0,False,False,False,True,,,desktop,2026-09-14 16:29:10
449,ch_8b3f43fccb144912,20260312,13,38,78,8,5,105,1,succeeded,116.54,116.54,3.68,112.86,0.0,False,False,False,False,,,tablet,2026-09-14 16:29:10
450,ch_d3a9da58982340d1,20260312,20,47,118,6,4,,5,succeeded,578.83,109.47,3.47,106.0,0.0,False,False,False,False,,,mobile,2026-09-14 16:29:10
451,ch_5e46e996ded641c2,20260313,19,24,138,6,6,66,2,succeeded,75.98,81.18,2.65,78.53,0.0,False,False,False,False,,,mobile,2026-09-14 16:29:10
452,ch_cb50f88867d64740,20260315,10,32,196,9,2,85,2,succeeded,30.3,32.19,1.23,30.96,0.0,False,False,False,True,,,mobile,2026-09-14 16:29:10
453,ch_2fdef921b3c843cb,20260315,13,21,22,4,1,,6,succeeded,145.28,111.14,3.52,107.62,0.0,False,True,False,False,,,tablet,2026-09-14 16:29:10
454,ch_881fbce3932c4a7d,20260315,16,41,138,6,6,112,2,succeeded,76.22,80.96,2.65,78.31,0.0,False,False,False,True,,,desktop,2026-09-14 16:29:10
455,ch_39dabca48b0941a8,20260315,18,52,142,11,4,145,4,succeeded,132.14,107.85,3.43,104.42,0.0,False,False,False,False,,,mobile,2026-09-14 16:29:10
456,ch_6c539742c8714a30,20260316,9,21,17,4,1,56,6,succeeded,148.77,114.15,3.61,110.54,0.0,False,False,False,False,,,mobile,2026-09-14 16:29:10
457,ch_c164257677344768,20260316,16,5,57,8,5,14,3,succeeded,57.51,70.24,2.34,67.9,0.0,False,False,False,False,,,desktop,2026-09-14 16:29:10
458,ch_535d2d03d3a94f85,20260316,21,10,24,8,5,28,8,succeeded,262.32,177.53,5.45,38.93,133.15,True,False,False,False,,,mobile,2026-09-14 16:29:10
459,ch_a1b1d94b15a545f1,20260317,12,9,139,5,4,27,2,succeeded,44.67,47.49,1.68,45.81,0.0,False,False,False,False,,,mobile,2026-09-14 16:29:10
460,ch_1222e3c8ea1b43bc,20260318,12,24,192,4,5,66,2,succeeded,75.98,80.94,2.65,78.29,0.0,False,False,False,True,,,mobile,2026-09-14 16:29:10
461,ch_9eaca8a4c8a04804,20260318,19,5,149,11,3,,3,succeeded,66.06,80.66,2.64,78.02,0.0,False,False,False,False,,,mobile,2026-09-14 16:29:10
462,ch_0105b85647904479,20260319,14,9,188,4,4,27,2,succeeded,44.67,47.66,1.68,45.98,0.0,False,True,False,False,,,desktop,2026-09-14 16:29:10
463,ch_7bbb12e300c64b76,20260319,19,29,136,5,1,76,5,succeeded,874.73,165.81,5.11,160.7,0.0,False,False,False,False,,,mobile,2026-09-14 16:29:10
464,ch_53c0822c0c174fe5,20260319,20,32,82,1,2,85,2,succeeded,30.3,32.33,1.24,31.09,0.0,False,False,False,False,,,mobile,2026-09-14 16:29:10
465,ch_6aa8ce8177b44277,20260320,15,30,12,4,2,80,6,succeeded,29.43,22.9,0.96,10.49,11.45,True,False,False,False,,,desktop,2026-09-14 16:29:10
466,ch_3ee963bea0c04a8f,20260320,15,41,93,2,1,,2,failed,66.23,70.64,0.0,0.0,0.0,False,False,False,False,,,mobile,2026-09-14 16:29:10
467,ch_698c195d64e144f0,20260320,17,2,24,8,5,5,9,succeeded,24992.08,17.25,0.8,16.45,0.0,False,False,False,False,,,desktop,2026-09-14 16:29:10
468,ch_33fd29ab6cde4b2a,20260320,19,29,117,7,3,78,5,succeeded,149.52,28.23,1.12,27.11,0.0,False,False,False,True,,,desktop,2026-09-14 16:29:10
469,ch_c73cff21a0124d36,20260322,7,21,75,6,3,57,6,succeeded,22.43,17.44,0.81,16.63,0.0,False,False,False,False,,,mobile,2026-09-14 16:29:10
470,ch_08ad230b065e42b5,20260322,9,13,35,6,2,,3,succeeded,107.71,132.05,4.13,127.92,0.0,False,False,False,False,,,mobile,2026-09-14 16:29:10
471,ch_630721486a9249f9,20260323,18,36,173,4,5,97,2,succeeded,5.54,5.86,0.47,5.39,0.0,False,False,False,False,,,mobile,2026-09-14 16:29:10
472,ch_903038a0d52447dc,20260323,19,12,124,6,5,36,7,succeeded,4481.0,30.13,1.17,28.96,0.0,False,False,False,False,,,mobile,2026-09-14 16:29:10
473,ch_45ec31c925ff4f6e,20260324,1,29,61,5,5,78,5,failed,149.52,27.84,0.0,0.0,0.0,False,False,False,True,,,mobile,2026-09-14 16:29:10
474,ch_9adf3c36f0e0450f,20260324,2,51,96,1,3,143,9,succeeded,16440.06,11.44,0.63,10.81,0.0,False,True,False,True,0.5467,medium,mobile,2026-09-14 16:29:10
475,ch_393120ea4a54459e,20260324,13,27,186,5,5,71,1,succeeded,110.87,110.87,3.52,107.35,0.0,False,False,False,False,,,mobile,2026-09-14 16:29:10
476,ch_890c2abc5abc484c,20260324,18,42,183,11,2,116,3,succeeded,83.41,101.98,3.26,98.72,0.0,False,False,False,True,,,desktop,2026-09-14 16:29:10
477,ch_f1cadb1a730b4239,20260324,19,53,134,10,4,150,9,succeeded,57443.4,39.97,1.46,38.51,0.0,False,False,False,False,,,mobile,2026-09-14 16:29:10
478,ch_a54d3d3c338d419d,20260326,9,10,179,7,2,30,8,succeeded,123.44,83.14,2.71,80.43,0.0,False,False,False,False,,,tablet,2026-09-14 16:29:10
479,ch_b0d17e5d97794764,20260326,10,3,117,7,3,7,8,succeeded,201.32,135.6,4.23,131.37,0.0,False,False,False,False,,,mobile,2026-09-14 16:29:10
480,ch_695bc253211843e3,20260326,16,13,112,11,2,,3,succeeded,102.59,125.42,3.94,121.48,0.0,False,False,False,False,,,mobile,2026-09-14 16:29:10
481,ch_9b5df63b3d7c404e,20260327,8,11,64,5,2,33,7,succeeded,5584.0,37.25,1.38,35.87,0.0,False,False,False,False,,,desktop,2026-09-14 16:29:10
482,ch_3f1ba91cebc64c58,20260327,10,6,161,1,2,,3,succeeded,91.89,112.43,3.56,108.87,0.0,False,False,False,False,,,mobile,2026-09-14 16:29:10
483,ch_6ef406398e0b49ff,20260327,10,6,161,1,2,,3,succeeded,42.72,52.27,1.82,50.45,0.0,False,False,False,False,,,mobile,2026-09-14 16:29:10
484,ch_9949917d6fb64add,20260327,11,6,161,1,2,,3,succeeded,148.39,181.56,5.57,175.99,0.0,False,False,False,False,,,mobile,2026-09-14 16:29:10
485,ch_beb286e0cbe34367,20260327,11,6,161,1,2,,3,succeeded,85.41,104.5,3.33,101.17,0.0,False,False,False,False,,,mobile,2026-09-14 16:29:10
486,ch_f49219ed89e940f0,20260327,19,9,9,1,3,27,2,succeeded,44.67,47.24,1.67,45.57,0.0,False,False,False,False,,,mobile,2026-09-14 16:29:10
487,ch_fcb008e4368b42d4,20260328,11,33,91,9,2,,1,succeeded,56.27,56.27,1.93,54.34,0.0,False,False,False,False,,,desktop,2026-09-14 16:29:10
488,ch_aaeeb881829e4663,20260329,0,32,147,4,1,85,2,succeeded,30.3,32.0,1.23,30.77,0.0,False,False,False,True,,,desktop,2026-09-14 16:29:10
489,ch_e9c62739bd004f26,20260330,1,38,14,8,3,104,1,succeeded,63.73,63.73,2.15,61.58,0.0,False,False,False,True,,,desktop,2026-09-14 16:29:10
490,ch_52762c0acef24d88,20260330,7,18,53,7,3,,4,succeeded,108.18,88.64,2.87,85.77,0.0,False,False,False,False,,,mobile,2026-09-14 16:29:10
491,ch_cf3912fd97784af2,20260330,8,10,42,9,5,,8,succeeded,183.53,121.8,3.83,117.97,0.0,False,False,False,False,,,desktop,2026-09-14 16:29:10
492,ch_e9e774fc75c14213,20260401,11,35,104,7,5,,9,succeeded,28651.37,19.83,0.88,18.95,0.0,False,False,False,False,,,mobile,2026-09-14 16:29:10
493,ch_4b00f007d37d4f6a,20260401,13,7,132,6,2,21,2,succeeded,77.06,81.15,2.65,78.5,0.0,False,False,False,False,,,desktop,2026-09-14 16:29:10
494,ch_617913fe2e6448fa,20260401,15,6,55,8,3,18,3,succeeded,31.96,39.51,1.45,38.06,0.0,False,False,False,False,,,desktop,2026-09-14 16:29:10
495,ch_16b663cc04bb4da7,20260402,2,41,77,5,5,112,2,succeeded,76.22,80.35,2.63,37.54,40.18,True,False,False,True,,,mobile,2026-09-14 16:29:10
496,ch_354555a8ba5040e0,20260402,8,39,160,3,5,108,3,succeeded,91.76,112.73,3.57,109.16,0.0,False,False,False,False,,,tablet,2026-09-14 16:29:10
497,ch_cd7a0454e1d04de8,20260402,10,5,164,7,7,13,3,succeeded,112.37,138.05,4.3,133.75,0.0,False,False,False,False,,,desktop,2026-09-14 16:29:10
498,ch_8ad01b7c861647ac,20260402,10,15,109,8,3,41,3,succeeded,6.73,8.27,0.54,7.73,0.0,False,False,False,False,,,mobile,2026-09-14 16:29:10
499,ch_840d75cb834547a4,20260402,11,29,131,11,3,78,5,succeeded,149.52,28.23,1.12,27.11,0.0,False,False,False,True,,,desktop,2026-09-14 16:29:10
500,ch_c02e36cc358746a9,20260402,17,8,14,8,3,22,2,succeeded,15.7,16.55,0.78,15.77,0.0,False,False,False,False,,,mobile,2026-09-14 16:29:10
501,ch_db7e713abd554019,20260402,18,47,3,4,8,130,5,failed,495.99,93.63,0.0,0.0,0.0,False,False,False,False,,,mobile,2026-09-14 16:29:10
502,ch_4dccddb3697a4e47,20260403,13,51,185,11,1,143,9,succeeded,16440.06,11.39,0.63,10.76,0.0,False,False,False,True,,,mobile,2026-09-14 16:29:10
503,ch_5fba62fd732d42da,20260403,14,16,55,8,3,45,2,succeeded,26.85,28.35,1.12,27.23,0.0,False,False,False,True,,,desktop,2026-09-14 16:29:10
504,ch_307053a45cb54a57,20260403,18,27,127,10,3,,1,succeeded,50.59,50.59,1.77,48.82,0.0,False,False,False,False,,,tablet,2026-09-14 16:29:10
505,ch_3fadc731813e4fc7,20260403,22,32,146,5,4,85,2,failed,30.3,32.0,0.0,0.0,0.0,False,False,False,True,,,mobile,2026-09-14 16:29:10
506,ch_78d9df8c05294da9,20260404,14,42,45,10,7,116,3,succeeded,83.41,101.59,3.25,98.34,0.0,False,False,False,True,,,mobile,2026-09-14 16:29:10
507,ch_9d4e8f9d53bb468f,20260404,15,18,11,6,2,,4,succeeded,264.67,215.63,6.55,209.08,0.0,False,False,False,False,,,mobile,2026-09-14 16:29:10
508,ch_abb981a7e2224bd4,20260404,17,9,174,8,4,25,2,succeeded,104.83,111.06,3.52,107.54,0.0,False,False,False,False,,,desktop,2026-09-14 16:29:10
509,ch_311dd2ee3ae245d8,20260404,19,3,195,7,4,8,8,succeeded,243.09,159.76,4.93,154.83,0.0,False,False,False,False,,,desktop,2026-09-14 16:29:10
510,ch_5432667ed64947ee,20260405,4,20,112,11,2,54,9,succeeded,73627.95,51.16,1.78,49.38,0.0,False,False,False,True,,,desktop,2026-09-14 16:29:10
511,ch_3b81e1257c1a41b2,20260405,10,40,14,8,4,109,7,succeeded,7873.0,53.11,1.84,51.27,0.0,False,False,False,False,,,mobile,2026-09-14 16:29:10
512,ch_afc61ea95c39481e,20260405,11,16,198,4,1,45,2,succeeded,26.85,28.54,1.13,27.41,0.0,False,False,False,True,,,desktop,2026-09-14 16:29:10
513,ch_d4a7f1cbc1eb40dd,20260405,13,20,164,7,7,52,9,succeeded,49495.73,34.39,1.3,33.09,0.0,False,False,False,False,,,desktop,2026-09-14 16:29:10
514,ch_a8332d5ece2c4968,20260405,13,31,167,7,5,,2,failed,26.36,28.01,0.0,0.0,0.0,False,False,False,False,,,desktop,2026-09-14 16:29:10
515,ch_868f6263b76849da,20260406,4,1,84,5,2,3,1,succeeded,136.28,136.28,4.25,132.03,0.0,False,False,False,True,,,tablet,2026-09-14 16:29:10
516,ch_735cd65fe5c743b7,20260406,5,22,14,8,3,58,9,succeeded,23398.96,16.26,0.77,15.49,0.0,False,False,False,False,,,mobile,2026-09-14 16:29:10
517,ch_f1d0e961ce614d00,20260406,13,30,179,7,2,80,6,succeeded,29.43,22.94,0.97,21.97,0.0,False,False,False,False,,,mobile,2026-09-14 16:29:10
518,ch_fc01c7f0bdd3440b,20260406,17,6,93,1,1,,3,failed,71.09,86.5,0.0,0.0,0.0,False,False,False,False,,,mobile,2026-09-14 16:29:10
519,ch_36b26f2da59e45dd,20260407,10,41,50,6,2,,2,succeeded,29.71,31.36,1.21,30.15,0.0,False,False,False,False,,,mobile,2026-09-14 16:29:10
520,ch_21d4c967533041c4,20260407,17,51,36,1,2,143,9,succeeded,16440.06,11.44,0.63,10.81,0.0,False,False,False,False,,,desktop,2026-09-14 16:29:10
521,ch_f8980a0fe18b41bf,20260407,19,36,125,10,4,99,2,succeeded,93.09,98.25,3.15,-3.15,98.25,True,False,False,False,,,mobile,2026-09-14 16:29:10
522,ch_d58571f63aa047a7,20260407,20,9,93,1,1,26,2,succeeded,149.64,157.93,4.88,153.05,0.0,False,False,False,True,,,desktop,2026-09-14 16:29:10
523,ch_bcb62a68119b4898,20260408,3,24,177,6,5,65,2,succeeded,88.06,93.08,3.0,90.08,0.0,False,False,False,False,,,mobile,2026-09-14 16:29:10
524,ch_3e9a60ab02be47ae,20260408,12,32,20,11,3,85,2,succeeded,30.3,32.03,1.23,30.8,0.0,False,False,False,True,,,mobile,2026-09-14 16:29:10
525,ch_c2a1bc28dfe541df,20260409,0,38,198,4,1,105,1,succeeded,116.54,116.54,3.68,112.86,0.0,False,False,False,False,,,mobile,2026-09-14 16:29:10
526,ch_4386ba8afeeb47d1,20260409,15,35,137,5,3,94,9,succeeded,34578.87,24.01,1.0,23.01,0.0,False,False,False,False,,,desktop,2026-09-14 16:29:10
527,ch_b814a39af5534fc5,20260409,16,47,178,11,6,131,5,failed,179.52,33.82,0.0,0.0,0.0,False,False,False,False,0.5223,medium,desktop,2026-09-14 16:29:10
528,ch_209e086b659c4743,20260409,21,42,107,1,5,116,3,succeeded,83.41,102.03,3.26,98.77,0.0,False,False,False,True,,,mobile,2026-09-14 16:29:10
529,ch_ad0c76a0c2374be8,20260410,18,37,162,8,3,,2,succeeded,78.64,83.38,2.72,80.66,0.0,False,False,False,False,,,desktop,2026-09-14 16:29:10
530,ch_c6de2d51455d44a0,20260410,19,49,27,1,2,,2,succeeded,85.64,90.8,2.93,87.87,0.0,False,True,False,False,,,mobile,2026-09-14 16:29:10
531,ch_b8c34d8ff5ee42cf,20260411,10,20,27,1,2,53,9,succeeded,50940.45,35.26,1.32,33.94,0.0,False,False,False,True,,,tablet,2026-09-14 16:29:10
532,ch_cd0a30af30f04488,20260411,12,2,44,10,3,5,9,succeeded,24992.08,17.3,0.8,16.5,0.0,False,True,False,False,,,desktop,2026-09-14 16:29:10
533,ch_f618cfa72989461a,20260411,19,15,27,1,2,,3,succeeded,81.59,99.39,3.18,96.21,0.0,False,False,False,False,,,tablet,2026-09-14 16:29:10
534,ch_b69775d637014993,20260414,2,38,88,2,3,,1,succeeded,70.32,70.32,2.34,67.98,0.0,False,False,False,False,,,mobile,2026-09-14 16:29:10
535,ch_ec839abe3cf147c6,20260414,10,32,196,9,2,85,2,succeeded,30.3,32.76,1.25,31.51,0.0,False,False,False,True,,,tablet,2026-09-14 16:29:10
536,ch_fdfc7b48f00c4cd4,20260414,13,23,29,5,5,62,2,succeeded,187.5,202.71,6.18,95.17,101.36,True,False,False,False,,,desktop,2026-09-14 16:29:10
537,ch_e6c6cf74dbe04a5c,20260414,16,41,138,6,6,112,2,succeeded,76.22,82.4,2.69,79.71,0.0,False,False,False,True,,,mobile,2026-09-14 16:29:10
538,ch_39e4653a2a15443c,20260414,16,5,26,3,4,14,3,succeeded,57.51,69.96,2.33,67.63,0.0,False,False,False,False,,,mobile,2026-09-14 16:29:10
539,ch_398399d7c8a54040,20260415,13,20,139,5,4,,9,succeeded,85543.83,58.78,2.0,56.78,0.0,False,False,False,False,,,mobile,2026-09-14 16:29:10
540,ch_14fa0090035546ab,20260416,13,12,43,6,4,34,7,succeeded,6609.0,44.53,1.59,42.94,0.0,False,False,False,False,0.5973,medium,desktop,2026-09-14 16:29:10
541,ch_c397211769d8423d,20260417,9,27,179,7,2,72,1,failed,87.63,87.63,0.0,0.0,0.0,False,False,False,False,,,desktop,2026-09-14 16:29:10
542,ch_9b4dcc8efece442c,20260417,10,42,35,6,2,115,3,succeeded,53.01,64.69,2.18,30.17,32.34,True,False,False,False,,,mobile,2026-09-14 16:29:10
543,ch_4b8f61460c8a47d0,20260417,12,19,62,11,2,51,9,succeeded,57228.29,39.26,1.44,37.82,0.0,False,False,False,False,0.4191,medium,mobile,2026-09-14 16:29:10
544,ch_537e033dd66c4408,20260417,12,24,192,4,4,66,2,succeeded,75.98,82.41,2.69,79.72,0.0,False,False,False,True,,,desktop,2026-09-14 16:29:10
545,ch_b6e62cf074d2469b,20260417,22,20,5,2,4,52,9,succeeded,49495.73,33.96,1.28,32.68,0.0,False,False,False,False,,,mobile,2026-09-14 16:29:10
546,ch_1c99b0d5f6524deb,20260417,23,50,153,3,2,140,8,succeeded,141.29,93.77,3.02,90.75,0.0,False,False,False,False,,,desktop,2026-09-14 16:29:10
547,ch_38182a4942c64838,20260418,11,20,110,5,2,53,9,succeeded,50940.45,34.94,1.31,33.63,0.0,False,False,False,False,,,desktop,2026-09-14 16:29:10
548,ch_4c94dd626bce451a,20260418,13,1,47,2,5,1,1,succeeded,169.96,169.96,5.23,164.73,0.0,False,False,False,False,,,desktop,2026-09-14 16:29:10
549,ch_62328a90ca804aba,20260418,14,43,64,5,2,119,6,succeeded,205.34,161.79,4.99,156.8,0.0,False,False,False,True,,,mobile,2026-09-14 16:29:10
550,ch_6bfc0b2ea9654ca3,20260418,20,30,45,10,8,,6,succeeded,48.11,37.91,1.4,36.51,0.0,False,False,False,False,,,desktop,2026-09-14 16:29:10
551,ch_b1de5ed7ad454967,20260419,19,29,117,7,2,78,5,succeeded,149.52,28.43,1.12,27.31,0.0,False,False,False,True,,,mobile,2026-09-14 16:29:10
552,ch_0d68d0db65874973,20260420,16,22,182,9,4,58,9,failed,23398.96,16.12,0.0,0.0,0.0,False,False,False,False,,,desktop,2026-09-14 16:29:10
553,ch_edf102480fbb4267,20260421,10,51,167,7,5,143,9,succeeded,16440.06,11.3,0.63,10.67,0.0,False,False,False,True,,,desktop,2026-09-14 16:29:10
554,ch_4bbdc8191f4442a3,20260422,21,12,41,1,5,34,7,succeeded,6609.0,44.76,1.6,43.16,0.0,False,False,False,False,,,mobile,2026-09-14 16:29:10
555,ch_21e503b337b64ad4,20260423,1,29,61,5,5,78,5,succeeded,149.52,28.24,1.12,27.12,0.0,False,False,False,True,,,mobile,2026-09-14 16:29:10
556,ch_c4acd27285104c75,20260423,2,51,96,11,2,143,9,succeeded,16440.06,11.22,0.63,10.59,0.0,False,False,False,True,,,mobile,2026-09-14 16:29:10
557,ch_9506d152dd0646ca,20260423,6,48,9,1,3,134,7,succeeded,7919.0,53.49,1.85,51.64,0.0,False,False,False,False,,,desktop,2026-09-14 16:29:10
558,ch_41379f4e6ffe4791,20260423,18,42,183,11,2,116,3,succeeded,83.41,102.4,3.27,99.13,0.0,False,False,False,True,,,tablet,2026-09-14 16:29:10
559,ch_629fb26dbf574ead,20260425,8,42,90,6,3,117,3,succeeded,101.8,124.97,3.92,121.05,0.0,False,False,False,False,,,desktop,2026-09-14 16:29:10
560,ch_af9bb009dbaf40ff,20260425,13,12,30,9,2,35,7,succeeded,6987.0,47.06,1.66,10.11,35.29,True,False,False,True,,,desktop,2026-09-14 16:29:10
561,ch_211a4ce0856c4616,20260426,7,23,79,1,1,63,2,succeeded,149.45,160.95,4.97,155.98,0.0,False,False,False,False,,,desktop,2026-09-14 16:29:10
562,ch_46432040c7164aa0,20260426,14,12,133,2,2,36,7,succeeded,4481.0,30.06,1.17,28.89,0.0,False,False,False,False,,,desktop,2026-09-14 16:29:10
563,ch_63835a44efd34369,20260426,18,2,80,11,5,4,9,succeeded,34750.36,23.61,0.98,22.63,0.0,False,False,False,False,,,mobile,2026-09-14 16:29:10
564,ch_88dd6324914e4190,20260427,15,1,191,3,2,2,1,succeeded,141.81,141.81,4.41,137.4,0.0,False,False,False,False,,,mobile,2026-09-14 16:29:10
565,ch_43d6ab1a238841ac,20260428,0,32,147,4,1,85,2,succeeded,30.3,32.74,1.25,31.49,0.0,False,False,False,True,,,mobile,2026-09-14 16:29:10
566,ch_c78a47e5f8d34c75,20260428,16,53,183,11,2,,9,succeeded,24663.69,16.67,0.78,15.89,0.0,False,False,False,False,,,desktop,2026-09-14 16:29:10
567,ch_a36da6a877674925,20260428,19,46,2,10,1,127,7,succeeded,17741.0,118.55,3.74,114.81,0.0,False,False,False,False,,,mobile,2026-09-14 16:29:10
568,ch_d314dd054a1448c4,20260429,1,38,14,8,4,104,1,succeeded,63.73,63.73,2.15,61.58,0.0,False,False,False,True,,,tablet,2026-09-14 16:29:10
569,ch_2f6ec721d4be4cf3,20260429,13,22,33,1,5,,9,succeeded,27073.41,18.31,0.83,17.48,0.0,False,True,False,False,,,desktop,2026-09-14 16:29:10
570,ch_ccd07b5f7dfa4a14,20260429,14,19,102,7,3,50,9,succeeded,25957.89,17.55,0.81,16.74,0.0,False,False,False,False,,,mobile,2026-09-14 16:29:10
571,ch_0561d921aed34bbb,20260430,17,36,60,4,1,97,2,succeeded,5.54,5.95,0.47,5.48,0.0,False,False,False,False,,,desktop,2026-09-14 16:29:10
572,ch_079056fd08694083,20260430,21,53,47,2,5,148,9,succeeded,85906.39,58.2,1.99,56.21,0.0,False,False,False,False,,,mobile,2026-09-14 16:29:10
573,ch_9094f2d699714d93,20260501,15,4,80,11,5,,3,succeeded,44.21,54.43,1.88,52.55,0.0,False,False,False,False,,,mobile,2026-09-14 16:29:10
574,ch_cfce334eab83431b,20260501,15,13,90,6,8,38,3,succeeded,65.29,80.38,2.63,77.75,0.0,False,False,False,True,,,tablet,2026-09-14 16:29:10
575,ch_408d2f2eb13b4c15,20260501,20,33,46,1,2,,1,succeeded,99.23,99.23,3.18,96.05,0.0,False,False,False,False,,,mobile,2026-09-14 16:29:10
576,ch_e937fd9042844473,20260502,2,41,77,5,5,112,2,succeeded,76.22,81.91,2.68,79.23,0.0,False,False,False,True,,,mobile,2026-09-14 16:29:10
577,ch_2a1a5287cc4a42f2,20260502,5,2,16,5,4,,9,succeeded,61315.91,41.42,1.5,39.92,0.0,False,False,False,False,,,desktop,2026-09-14 16:29:10
578,ch_ddd368d9c0b64764,20260502,7,42,117,7,3,115,3,succeeded,53.01,65.21,2.19,63.02,0.0,False,False,False,False,0.3867,medium,mobile,2026-09-14 16:29:10
579,ch_b8aa31879c3a4f30,20260502,11,29,131,6,3,78,5,succeeded,149.52,27.97,1.11,26.86,0.0,False,False,False,True,,,desktop,2026-09-14 16:29:10
580,ch_2dc7de6567aa4647,20260502,11,38,188,4,2,104,1,succeeded,63.73,63.73,2.15,61.58,0.0,False,False,False,True,,,mobile,2026-09-14 16:29:10
581,ch_b0d1944975644d74,20260502,13,9,112,11,2,26,2,succeeded,149.64,160.82,4.96,155.86,0.0,False,False,False,True,,,desktop,2026-09-14 16:29:10
582,ch_5a2215461db14d33,20260503,6,36,169,2,4,98,2,succeeded,68.49,73.65,2.44,71.21,0.0,False,False,False,False,,,desktop,2026-09-14 16:29:10
583,ch_b3c04a5b974341d4,20260503,13,51,185,11,8,143,9,succeeded,16440.06,11.07,0.62,10.45,0.0,False,False,False,True,,,mobile,2026-09-14 16:29:10
584,ch_8e97103aaec74199,20260503,14,16,55,8,3,45,2,succeeded,26.85,28.87,1.14,27.73,0.0,False,False,False,True,,,mobile,2026-09-14 16:29:10
585,ch_e5a1c34eeb004cf8,20260503,15,40,191,3,2,111,7,succeeded,4927.0,33.13,1.26,31.87,0.0,False,True,False,False,,,mobile,2026-09-14 16:29:10
586,ch_4831b57a67f349c4,20260503,17,26,83,10,2,,9,succeeded,52328.79,35.25,1.32,33.93,0.0,False,False,False,False,,,desktop,2026-09-14 16:29:10
587,ch_ca1e8d4ac9eb4167,20260503,19,13,87,1,1,37,3,succeeded,120.87,148.24,4.6,143.64,0.0,False,False,False,False,,,mobile,2026-09-14 16:29:10
588,ch_e7c8f74e03f645eb,20260503,22,32,146,5,4,85,2,succeeded,30.3,32.58,1.24,31.34,0.0,False,False,False,True,,,mobile,2026-09-14 16:29:10
589,ch_66e6ff92cd494a13,20260504,14,42,45,10,7,116,3,succeeded,83.41,102.16,3.26,98.9,0.0,False,False,False,True,,,mobile,2026-09-14 16:29:10
590,ch_07bf6e5f241a4e1f,20260505,4,20,112,11,2,54,9,succeeded,73627.95,49.47,1.73,47.74,0.0,False,False,False,True,,,mobile,2026-09-14 16:29:10
591,ch_2dc8f6927c4240d9,20260505,11,16,198,4,1,45,2,succeeded,26.85,28.82,1.14,27.68,0.0,False,False,False,True,,,mobile,2026-09-14 16:29:10
592,ch_6cf73b6762204599,20260505,18,33,73,5,1,89,1,succeeded,22.83,22.83,0.96,21.87,0.0,False,True,False,False,,,mobile,2026-09-14 16:29:10
593,ch_42f9314b2ef34df8,20260506,4,1,84,11,2,3,1,succeeded,136.28,136.28,4.25,132.03,0.0,False,False,False,True,,,tablet,2026-09-14 16:29:10
594,ch_a41518d61ec54c72,20260506,11,23,22,4,1,62,2,succeeded,187.5,202.57,6.17,196.4,0.0,False,False,False,False,,,desktop,2026-09-14 16:29:10
595,ch_4771b11d7bd544b3,20260506,12,39,19,7,2,106,3,succeeded,38.16,46.9,1.66,45.24,0.0,False,False,False,False,0.3127,medium,mobile,2026-09-14 16:29:10
596,ch_cf40c81888ae4e56,20260506,18,51,169,2,4,144,9,succeeded,83306.58,56.07,1.93,54.14,0.0,False,False,False,False,,,tablet,2026-09-14 16:29:10
597,ch_83c7b96f660343a1,20260506,18,30,91,9,4,80,6,succeeded,29.43,23.17,0.97,22.2,0.0,False,False,False,False,,,desktop,2026-09-14 16:29:10
598,ch_0a24841c654d42b3,20260507,9,21,57,8,5,,6,succeeded,61.87,48.73,1.71,47.02,0.0,False,False,False,False,,,desktop,2026-09-14 16:29:10
599,ch_237e63ed515844f8,20260507,9,36,166,7,3,,2,succeeded,97.66,105.71,3.37,102.34,0.0,False,False,False,False,,,mobile,2026-09-14 16:29:10
600,ch_cf48e2a4a48b4657,20260507,10,12,109,8,3,35,7,failed,6987.0,46.97,0.0,0.0,0.0,False,False,False,False,,,desktop,2026-09-14 16:29:10
601,ch_288d302154304d87,20260507,15,11,122,2,4,31,7,failed,14894.0,100.13,0.0,0.0,0.0,False,False,False,False,,,mobile,2026-09-14 16:29:10
602,ch_e4eb98304bd744d3,20260507,17,28,46,1,2,75,1,succeeded,75.35,75.35,2.49,-2.49,75.35,True,False,False,False,,,desktop,2026-09-14 16:29:10
603,ch_2d3d097453554d69,20260507,21,48,117,7,2,134,7,succeeded,7919.0,53.24,1.84,51.4,0.0,False,False,False,False,,,mobile,2026-09-14 16:29:10
604,ch_85b66ba733c24085,20260507,22,44,89,9,2,123,2,succeeded,26.7,28.9,1.14,27.76,0.0,False,False,False,False,,,mobile,2026-09-14 16:29:10
605,ch_184658abfd8f4092,20260508,10,49,181,8,4,138,2,succeeded,98.67,106.15,3.38,102.77,0.0,False,False,False,False,,,mobile,2026-09-14 16:29:10
606,ch_4abf8d4d95b14f8e,20260508,12,32,20,11,3,85,2,succeeded,30.3,32.6,1.25,31.35,0.0,False,False,False,True,,,desktop,2026-09-14 16:29:10
607,ch_7f317317dad74473,20260508,21,26,121,5,2,,9,succeeded,17915.0,11.98,0.65,11.33,0.0,False,False,False,False,,,mobile,2026-09-14 16:29:10
608,ch_b8f9130c002b4c1a,20260508,22,16,71,2,2,44,2,succeeded,82.08,88.3,2.86,85.44,0.0,False,False,False,False,,,mobile,2026-09-14 16:29:10
609,ch_3bf06fb8ba8843d5,20260509,5,47,136,5,5,130,5,succeeded,495.99,94.03,3.03,91.0,0.0,False,False,False,False,,,mobile,2026-09-14 16:29:10
610,ch_5350ff0e2d1f48ce,20260509,14,15,111,4,2,,3,succeeded,116.61,143.87,4.47,139.4,0.0,False,False,False,False,,,tablet,2026-09-14 16:29:10
611,ch_d308a2f183bb4412,20260509,21,42,107,1,5,116,3,succeeded,83.41,102.91,3.28,99.63,0.0,False,False,False,True,,,desktop,2026-09-14 16:29:10
612,ch_3472268fa3e548fe,20260510,6,15,179,7,2,42,3,succeeded,85.13,105.16,3.35,101.81,0.0,False,False,False,False,,,desktop,2026-09-14 16:29:10
613,ch_b6267de4dd714487,20260510,6,22,149,11,5,58,9,succeeded,23398.96,15.67,0.75,14.92,0.0,False,False,False,False,,,tablet,2026-09-14 16:29:10
614,ch_c73f99b8956d4907,20260510,10,50,200,1,4,139,8,succeeded,262.85,174.95,5.37,169.58,0.0,False,False,False,False,,,desktop,2026-09-14 16:29:10
615,ch_aea634c8bc094762,20260510,16,45,143,10,3,,1,succeeded,145.66,145.66,4.52,141.14,0.0,False,False,False,False,,,desktop,2026-09-14 16:29:10
616,ch_e9b21c3371bc42cb,20260510,17,39,49,10,7,,3,succeeded,42.52,52.53,1.82,50.71,0.0,False,False,False,False,,,tablet,2026-09-14 16:29:10
617,ch_60aa8ea7ae16446a,20260510,19,29,77,5,5,,5,succeeded,823.62,155.86,4.82,151.04,0.0,False,False,False,False,,,desktop,2026-09-14 16:29:10
618,ch_a666d1fd5f06424b,20260511,6,46,121,5,8,129,7,succeeded,6861.0,46.09,1.64,44.45,0.0,False,False,False,False,,,mobile,2026-09-14 16:29:10
619,ch_2ec85c7bf27d45ea,20260511,10,20,27,1,2,53,9,succeeded,50940.45,34.39,1.3,33.09,0.0,False,False,False,True,,,mobile,2026-09-14 16:29:10
620,ch_d90a391e10a14998,20260511,17,39,87,1,2,,3,succeeded,70.87,88.04,2.85,-2.85,88.04,True,False,False,False,,,desktop,2026-09-14 16:29:10
621,ch_28b881e33e9d475a,20260511,21,45,62,6,2,124,1,succeeded,61.3,61.3,2.08,59.22,0.0,False,False,False,False,,,desktop,2026-09-14 16:29:10
622,ch_c76e2f13966c469f,20260512,15,52,56,2,8,,4,succeeded,246.61,203.98,6.22,197.76,0.0,False,False,False,False,,,mobile,2026-09-14 16:29:10
623,ch_b70f05fb279f432e,20260513,4,33,94,6,8,90,1,succeeded,39.53,39.53,1.45,38.08,0.0,False,False,False,False,,,desktop,2026-09-14 16:29:10
624,ch_22c18cbaa05d4ed0,20260513,7,18,194,2,3,47,4,succeeded,174.68,144.2,4.48,139.72,0.0,False,True,False,False,,,mobile,2026-09-14 16:29:10
625,ch_245179ed618f438f,20260513,12,7,136,5,5,,2,succeeded,68.11,73.16,2.42,70.74,0.0,False,False,False,False,,,desktop,2026-09-14 16:29:10
626,ch_08555a9ffa9743b2,20260513,20,13,65,8,4,,3,succeeded,64.61,79.78,2.61,77.17,0.0,False,False,False,False,,,tablet,2026-09-14 16:29:10
627,ch_617268798c73455c,20260514,10,32,196,9,2,85,2,succeeded,30.3,32.59,1.25,31.34,0.0,False,False,False,True,,,tablet,2026-09-14 16:29:10
628,ch_b2304f6c53e048bf,20260514,12,45,72,9,2,124,1,succeeded,61.3,61.3,2.08,59.22,0.0,False,False,False,False,,,desktop,2026-09-14 16:29:10
629,ch_88943bcb987743a7,20260514,14,48,70,1,4,133,7,succeeded,11008.0,74.46,2.46,72.0,0.0,False,False,False,False,0.3832,medium,mobile,2026-09-14 16:29:10
630,ch_21b3e63891c544ef,20260514,16,41,138,6,6,112,2,failed,76.22,81.99,0.0,0.0,0.0,False,False,False,True,,,mobile,2026-09-14 16:29:10
631,ch_09aa473a0fd9481a,20260515,10,31,21,1,6,,2,succeeded,54.87,59.18,2.02,57.16,0.0,False,False,False,False,,,desktop,2026-09-14 16:29:10
632,ch_29bd38425a724214,20260515,13,7,196,9,2,19,2,succeeded,88.62,95.58,3.07,92.51,0.0,False,True,False,False,,,desktop,2026-09-14 16:29:10
633,ch_857a179c7027407e,20260516,9,52,117,7,2,146,4,succeeded,217.91,178.38,5.47,172.91,0.0,False,False,False,True,,,mobile,2026-09-14 16:29:10
634,ch_ca720af11de74d82,20260516,14,19,96,11,7,51,9,succeeded,57228.29,38.33,1.41,36.92,0.0,False,False,False,False,,,desktop,2026-09-14 16:29:10
635,ch_cbc7ad666dde4dd2,20260516,19,6,157,2,4,17,3,succeeded,87.15,107.73,3.42,104.31,0.0,False,False,False,False,,,mobile,2026-09-14 16:29:10
636,ch_a8a386f216794056,20260517,12,24,192,4,4,66,2,succeeded,75.98,81.57,2.67,78.9,0.0,False,False,False,True,,,desktop,2026-09-14 16:29:10
637,ch_01d38ee3415b46bd,20260517,18,9,28,5,3,27,2,succeeded,44.67,47.96,1.69,10.31,35.96,True,False,False,False,,,mobile,2026-09-14 16:29:10
638,ch_17e3e73b41304487,20260517,19,4,64,5,2,,3,succeeded,119.71,147.95,4.59,143.36,0.0,False,False,False,False,,,mobile,2026-09-14 16:29:10
639,ch_0d8e14bf4fb54087,20260518,9,21,140,3,2,57,6,succeeded,22.43,17.95,0.82,17.13,0.0,False,False,False,False,,,tablet,2026-09-14 16:29:10
640,ch_f1277cf093384273,20260518,14,50,134,10,4,,8,succeeded,49.55,32.99,1.26,31.73,0.0,False,False,False,False,,,tablet,2026-09-14 16:29:10
641,ch_debe2ae263214787,20260519,15,38,3,4,4,103,1,succeeded,23.2,23.2,0.97,22.23,0.0,False,False,False,True,,,desktop,2026-09-14 16:29:10
642,ch_caf5b7e4f6554e5a,20260519,19,29,117,7,2,78,5,succeeded,149.52,28.36,1.12,27.24,0.0,False,False,False,True,,,tablet,2026-09-14 16:29:10
643,ch_8c3c36da90d44c07,20260519,23,4,50,6,2,,3,succeeded,141.56,174.51,5.36,169.15,0.0,False,False,False,False,,,desktop,2026-09-14 16:29:10
644,ch_03663031bad34262,20260521,10,51,167,7,5,143,9,failed,16440.06,10.97,0.0,0.0,0.0,False,False,False,True,,,mobile,2026-09-14 16:29:10
645,ch_c291731109ad47ef,20260521,13,45,81,5,5,124,1,succeeded,61.3,61.3,2.08,59.22,0.0,False,False,False,False,0.4437,medium,mobile,2026-09-14 16:29:10
646,ch_294da26ff96f4e82,20260521,14,12,199,7,5,36,7,succeeded,4481.0,30.36,1.18,29.18,0.0,False,False,False,False,,,desktop,2026-09-14 16:29:10
647,ch_53037379de734b68,20260521,19,40,9,1,3,111,7,succeeded,4927.0,33.38,1.27,32.11,0.0,False,False,False,False,,,mobile,2026-09-14 16:29:10
648,ch_ee7724a6cae44bd3,20260521,19,11,38,9,2,33,7,succeeded,5584.0,37.83,1.4,36.43,0.0,False,False,False,False,,,desktop,2026-09-14 16:29:10
649,ch_8bb3d1af43d4412d,20260521,19,22,68,1,6,60,9,succeeded,47100.88,31.43,1.21,30.22,0.0,False,False,False,False,,,mobile,2026-09-14 16:29:10
650,ch_e14d50b8d2104143,20260521,20,16,18,8,2,43,2,succeeded,3.73,4.02,0.42,-0.42,4.02,True,False,False,True,,,mobile,2026-09-14 16:29:10
651,ch_dde41fe3fb7c46b9,20260522,11,4,89,9,2,,3,succeeded,97.21,120.8,3.8,117.0,0.0,False,False,False,False,,,mobile,2026-09-14 16:29:10
652,ch_23e24fa9c1a34887,20260522,22,4,70,3,4,,3,failed,44.72,55.57,0.0,0.0,0.0,False,False,False,False,,,mobile,2026-09-14 16:29:10
653,ch_6f5b9c7b91d442ff,20260523,0,26,142,11,1,69,9,succeeded,50799.43,34.04,1.29,32.75,0.0,False,False,False,True,,,mobile,2026-09-14 16:29:10
654,ch_8d51fd47ecb141d8,20260523,1,29,61,5,5,78,5,succeeded,149.52,28.08,1.11,26.97,0.0,False,False,False,True,,,desktop,2026-09-14 16:29:10
655,ch_c904ffbe96824602,20260523,2,51,96,11,7,143,9,succeeded,16440.06,11.02,0.62,10.4,0.0,False,True,False,True,,,mobile,2026-09-14 16:29:10
656,ch_4ae5b01477ec4a33,20260523,12,4,12,4,2,11,3,succeeded,13.52,16.84,0.79,16.05,0.0,False,False,False,False,,,desktop,2026-09-14 16:29:10
657,ch_16a77ed89bb34850,20260523,12,37,60,4,1,102,2,failed,86.46,93.01,0.0,0.0,0.0,False,False,False,False,,,desktop,2026-09-14 16:29:10
658,ch_e7a9e542bbe346be,20260523,22,2,79,1,1,6,9,succeeded,66494.26,44.56,1.59,42.97,0.0,False,False,False,False,,,desktop,2026-09-14 16:29:10
659,ch_799119101f2f4f2b,20260524,11,18,64,5,2,48,4,succeeded,126.35,102.48,3.27,99.21,0.0,False,False,False,False,,,mobile,2026-09-14 16:29:10
660,ch_5715fc7b4f03409d,20260524,12,49,181,8,7,138,2,succeeded,98.67,106.82,3.4,103.42,0.0,False,False,False,False,,,tablet,2026-09-14 16:29:10
661,ch_7a4dab234ffe4e05,20260524,17,24,130,9,3,65,2,succeeded,88.06,95.34,3.06,92.28,0.0,False,False,False,False,,,desktop,2026-09-14 16:29:10
662,ch_883d55b4a99f4ad8,20260525,16,49,23,7,3,138,2,succeeded,98.67,107.16,3.41,103.75,0.0,False,False,False,False,,,mobile,2026-09-14 16:29:10
663,ch_9bc9ce1868a34283,20260526,16,10,128,5,8,,8,succeeded,91.57,60.62,2.06,58.56,0.0,False,False,False,False,0.334,medium,desktop,2026-09-14 16:29:10
664,ch_d8837890ccbb4cd5,20260526,18,34,139,5,4,91,2,succeeded,65.83,71.17,2.36,68.81,0.0,False,False,False,False,,,mobile,2026-09-14 16:29:10
665,ch_85c3437f14a14a2e,20260526,22,21,159,4,3,56,6,succeeded,148.77,118.75,3.74,115.01,0.0,False,False,False,False,,,desktop,2026-09-14 16:29:10
666,ch_e3c370bd6d904e7b,20260527,9,29,88,2,3,,5,succeeded,311.67,58.24,1.99,56.25,0.0,False,False,False,False,,,desktop,2026-09-14 16:29:10
667,ch_aba1f958cae542a0,20260527,10,53,40,2,2,149,9,succeeded,62441.0,42.29,1.53,40.76,0.0,False,False,False,False,,,desktop,2026-09-14 16:29:10
668,ch_5b5d87049a9e4f50,20260527,14,49,155,11,2,,2,succeeded,183.09,197.64,6.03,191.61,0.0,False,False,False,False,,,desktop,2026-09-14 16:29:10
669,ch_8d3d03beffb14713,20260527,21,10,198,4,1,,8,succeeded,187.99,124.15,3.9,120.25,0.0,False,False,False,False,,,mobile,2026-09-14 16:29:10
670,ch_44935c0b5ff94cef,20260528,0,32,147,4,1,85,2,succeeded,30.3,32.83,1.25,31.58,0.0,False,False,False,True,,,mobile,2026-09-14 16:29:10
671,ch_d5fb8a4683b740bd,20260529,1,38,14,8,3,104,1,succeeded,63.73,63.73,2.15,61.58,0.0,False,False,False,True,,,mobile,2026-09-14 16:29:10
672,ch_0b0dd23ad9924951,20260529,9,27,95,6,2,72,1,succeeded,87.63,87.63,2.84,84.79,0.0,False,False,False,False,,,mobile,2026-09-14 16:29:10
673,ch_da92df5c21254e54,20260529,15,35,173,4,5,95,9,succeeded,35742.9,24.09,1.0,23.09,0.0,False,False,False,False,,,mobile,2026-09-14 16:29:10
674,ch_899e50dbfd764a60,20260530,15,34,30,9,5,91,2,succeeded,65.83,71.28,2.37,68.91,0.0,False,False,False,False,,,tablet,2026-09-14 16:29:10
675,ch_96f59bc5dd8c4b39,20260530,16,43,23,7,3,119,6,succeeded,205.34,164.17,5.06,159.11,0.0,False,False,False,False,,,tablet,2026-09-14 16:29:10
676,ch_f1cf058cd89a4ff0,20260530,19,7,177,6,5,19,2,succeeded,88.62,95.95,3.08,92.87,0.0,False,False,False,False,,,desktop,2026-09-14 16:29:10
677,ch_c2def9172f894f33,20260531,8,29,190,4,5,78,5,succeeded,149.52,27.66,1.1,26.56,0.0,False,True,True,True,0.7865,high,mobile,2026-09-14 16:29:10
678,ch_baa12193469445c4,20260601,2,48,178,10,4,135,7,succeeded,9056.0,60.57,2.06,58.51,0.0,False,False,False,False,,,mobile,2026-09-14 16:29:10
679,ch_826249619bb446f2,20260601,2,41,77,5,5,112,2,succeeded,76.22,82.49,2.69,79.8,0.0,False,False,False,True,,,mobile,2026-09-14 16:29:10
680,ch_7967b1862bfc4879,20260601,8,42,132,2,2,116,3,succeeded,83.41,105.03,3.35,101.68,0.0,False,False,False,False,,,tablet,2026-09-14 16:29:10
681,ch_e1b56af1725c4f20,20260601,11,29,131,11,3,78,5,succeeded,149.52,27.54,1.1,26.44,0.0,False,False,False,True,,,mobile,2026-09-14 16:29:10
682,ch_410c434693124012,20260601,11,38,188,4,4,104,1,succeeded,63.73,63.73,2.15,61.58,0.0,False,False,False,True,,,desktop,2026-09-14 16:29:10
683,ch_71a4839c4b1c42be,20260602,8,35,173,4,5,96,9,succeeded,70962.77,47.71,1.68,46.03,0.0,False,False,False,False,,,mobile,2026-09-14 16:29:10
684,ch_861e1e42ab144b83,20260602,9,40,184,9,2,111,7,failed,4927.0,32.98,0.0,0.0,0.0,False,False,False,False,,,mobile,2026-09-14 16:29:10
685,ch_f675502b51694d2c,20260602,13,51,185,11,8,143,9,succeeded,16440.06,11.05,0.62,10.43,0.0,False,False,False,True,,,mobile,2026-09-14 16:29:10
686,ch_e5701d2f218c42b3,20260602,14,16,55,8,3,45,2,succeeded,26.85,29.05,1.14,27.91,0.0,False,False,False,True,,,mobile,2026-09-14 16:29:10
687,ch_24746352b1524429,20260602,16,50,62,6,2,140,8,succeeded,141.29,93.6,3.01,20.39,70.2,True,False,False,False,,,mobile,2026-09-14 16:29:10
688,ch_e9f2648437e7480c,20260602,22,32,146,5,4,85,2,succeeded,30.3,32.79,1.25,31.54,0.0,False,False,False,True,,,mobile,2026-09-14 16:29:10
689,ch_909c26c3cd6d4661,20260602,22,47,115,5,2,,5,succeeded,356.13,65.63,2.2,63.43,0.0,False,False,False,False,,,mobile,2026-09-14 16:29:10
690,ch_f11f8a228b9744dd,20260603,12,13,86,7,5,39,3,succeeded,88.22,111.07,3.52,107.55,0.0,False,False,False,False,,,desktop,2026-09-14 16:29:10
691,ch_c4954cc1f0654ed6,20260603,14,42,45,10,8,116,3,succeeded,83.41,105.01,3.35,101.66,0.0,False,False,False,True,,,mobile,2026-09-14 16:29:10
692,ch_83f5c69f628d4608,20260603,15,7,44,10,3,21,2,succeeded,77.06,82.57,2.69,79.88,0.0,False,False,False,False,,,mobile,2026-09-14 16:29:10
693,ch_36caf6769ccd4146,20260604,4,20,112,11,2,54,9,succeeded,73627.95,49.75,1.74,48.01,0.0,False,False,False,True,,,desktop,2026-09-14 16:29:10
694,ch_e0d17407e519412d,20260604,8,35,197,7,3,95,9,succeeded,35742.9,24.15,1.0,23.15,0.0,False,False,False,False,,,desktop,2026-09-14 16:29:10
695,ch_9f96f5bce618447d,20260604,11,16,198,4,1,45,2,succeeded,26.85,28.68,1.13,27.55,0.0,False,False,False,True,,,mobile,2026-09-14 16:29:10
696,ch_9fa6814a310d412c,20260604,17,16,163,9,7,,2,succeeded,50.62,54.07,1.87,52.2,0.0,False,False,False,False,0.3601,medium,mobile,2026-09-14 16:29:10
697,ch_2be66a07b06c4e89,20260604,22,6,31,8,2,16,3,failed,67.86,85.72,0.0,0.0,0.0,False,False,False,False,,,mobile,2026-09-14 16:29:10
698,ch_e3cbc32ae13f4795,20260605,4,1,84,5,2,3,1,succeeded,136.28,136.28,4.25,132.03,0.0,False,False,False,True,,,desktop,2026-09-14 16:29:10
699,ch_cc4db1ea69f64bf7,20260605,13,51,87,1,2,144,9,succeeded,83306.58,56.5,1.94,54.56,0.0,False,False,False,False,,,tablet,2026-09-14 16:29:10
700,ch_0e6bf29655394c73,20260606,22,28,122,2,2,,1,succeeded,133.93,133.93,4.18,129.75,0.0,False,False,False,False,,,mobile,2026-09-14 16:29:10
701,ch_b467ddf001dc4c10,20260607,12,32,20,11,7,85,2,succeeded,30.3,32.38,1.24,31.14,0.0,False,False,False,True,,,desktop,2026-09-14 16:29:10
702,ch_dc8bd2027207460e,20260607,19,7,154,5,4,,2,succeeded,46.06,49.22,1.73,47.49,0.0,False,False,False,False,,,desktop,2026-09-14 16:29:10
703,ch_86f84a180b244c05,20260607,21,23,111,4,2,63,2,succeeded,149.45,159.7,4.93,154.77,0.0,False,False,False,False,,,mobile,2026-09-14 16:29:10
704,ch_40953ffbdc5942a6,20260608,3,16,60,4,1,44,2,succeeded,82.08,87.34,2.83,84.51,0.0,False,False,False,False,,,desktop,2026-09-14 16:29:10
705,ch_a7314d357f1c457a,20260608,21,42,107,1,5,116,3,succeeded,83.41,105.12,3.35,101.77,0.0,False,False,False,True,,,mobile,2026-09-14 16:29:10
706,ch_3869c6acf75f472f,20260609,12,2,50,6,2,,9,succeeded,58969.75,39.85,1.46,38.39,0.0,False,False,False,False,,,mobile,2026-09-14 16:29:10
707,ch_0063511c3b8441d3,20260609,15,4,157,2,4,12,3,succeeded,60.28,75.74,2.5,73.24,0.0,False,False,False,False,,,mobile,2026-09-14 16:29:10
708,ch_dcbf3170dc664e63,20260610,10,20,27,1,2,53,9,succeeded,50940.45,34.33,1.3,33.03,0.0,False,False,False,True,,,mobile,2026-09-14 16:29:10
709,ch_ce9761c120764edb,20260610,16,22,169,3,4,59,9,succeeded,42239.05,28.46,1.13,27.33,0.0,False,False,False,False,,,mobile,2026-09-14 16:29:10
710,ch_228c1e7bcf384dbf,20260610,18,1,193,3,3,,1,succeeded,210.83,210.83,6.41,204.42,0.0,False,False,False,False,,,mobile,2026-09-14 16:29:10
711,ch_334c86d229314676,20260611,5,43,19,2,2,118,6,succeeded,3.25,2.62,0.38,2.24,0.0,False,False,False,True,,,desktop,2026-09-14 16:29:10
712,ch_247d22e1ab0e43b6,20260611,11,35,148,10,5,,9,succeeded,35868.44,24.28,1.0,23.28,0.0,False,False,False,False,,,mobile,2026-09-14 16:29:10
713,ch_9481dc2c9db445af,20260611,13,19,148,10,5,50,9,succeeded,25957.89,17.57,0.81,16.76,0.0,False,False,False,False,,,tablet,2026-09-14 16:29:10
714,ch_28449cc5f75144e4,20260612,6,27,177,6,5,71,1,succeeded,110.87,110.87,3.52,107.35,0.0,False,False,False,False,,,mobile,2026-09-14 16:29:10
715,ch_1cd42f81d3b740cf,20260612,10,37,131,11,3,100,2,succeeded,104.09,110.65,3.51,107.14,0.0,False,False,False,False,,,mobile,2026-09-14 16:29:10
716,ch_d0f908b82345469c,20260612,13,44,84,5,2,,2,succeeded,475.18,505.13,14.95,490.18,0.0,False,False,True,False,0.6374,high,desktop,2026-09-14 16:29:10
717,ch_5d5f137d59eb4ed1,20260612,16,27,122,2,2,70,1,succeeded,36.02,36.02,1.34,34.68,0.0,False,False,False,False,,,tablet,2026-09-14 16:29:10
718,ch_0648b37c0f654317,20260613,10,32,196,9,2,85,2,succeeded,30.3,32.32,1.24,31.08,0.0,False,False,False,True,,,desktop,2026-09-14 16:29:10
719,ch_50f72234a7de4242,20260613,11,29,192,4,3,,5,succeeded,147.6,27.06,1.08,25.98,0.0,False,False,False,False,,,mobile,2026-09-14 16:29:10
720,ch_34eb9e4e91634e3b,20260613,13,48,162,8,3,134,7,succeeded,7919.0,52.68,1.83,50.85,0.0,False,False,False,False,,,desktop,2026-09-14 16:29:10
721,ch_a9f94d196d154095,20260613,16,41,138,6,6,112,2,succeeded,76.22,81.31,2.66,78.65,0.0,False,False,False,True,,,mobile,2026-09-14 16:29:10
722,ch_f7bc42b93bb44fa9,20260613,18,20,136,5,1,53,9,succeeded,50940.45,34.43,1.3,33.13,0.0,False,False,False,False,,,desktop,2026-09-14 16:29:10
723,ch_d14afcb3ebaa4316,20260613,18,30,54,11,3,80,6,succeeded,29.43,23.56,0.98,22.58,0.0,False,False,False,False,,,desktop,2026-09-14 16:29:10
724,ch_7363d3c61fea4ede,20260613,18,16,188,4,4,,2,succeeded,87.38,93.21,3.0,90.21,0.0,False,False,False,False,,,desktop,2026-09-14 16:29:10
725,ch_1b50d59fc1074b22,20260613,19,41,84,5,2,112,2,succeeded,76.22,81.31,2.66,78.65,0.0,False,False,False,True,,,mobile,2026-09-14 16:29:10
726,ch_0529dfc26c2940b3,20260614,7,16,192,4,4,43,2,succeeded,3.73,3.98,0.42,3.56,0.0,False,False,False,False,,,mobile,2026-09-14 16:29:10
727,ch_d9e235d6de094356,20260614,13,51,40,2,2,142,9,succeeded,60586.26,40.92,1.49,39.43,0.0,False,False,False,False,,,mobile,2026-09-14 16:29:10
728,ch_0d340a8c472f4922,20260614,17,9,92,7,5,27,2,succeeded,44.67,47.65,1.68,45.97,0.0,False,False,False,False,,,desktop,2026-09-14 16:29:10
729,ch_ebc5b5dc4f01471c,20260616,12,24,192,4,5,66,2,succeeded,75.98,80.93,2.65,78.28,0.0,False,False,False,True,,,desktop,2026-09-14 16:29:10
730,ch_912772fd97314462,20260616,17,44,93,1,1,123,2,succeeded,26.7,28.44,1.12,27.32,0.0,False,False,False,False,,,mobile,2026-09-14 16:29:10
731,ch_c339a9a4abfe4df7,20260616,18,36,117,7,2,97,2,succeeded,5.54,5.9,0.47,5.43,0.0,False,False,False,False,,,desktop,2026-09-14 16:29:10
732,ch_076f13d1e6614ab0,20260618,13,26,72,9,4,67,9,succeeded,23581.83,16.2,0.77,15.43,0.0,False,False,False,False,,,mobile,2026-09-14 16:29:10
733,ch_009a55ad944e4c49,20260618,15,38,3,4,8,103,1,succeeded,23.2,23.2,0.97,22.23,0.0,False,False,False,True,,,mobile,2026-09-14 16:29:10
734,ch_bfd56a8ca4de491b,20260618,18,16,64,5,2,44,2,succeeded,82.08,87.32,2.83,84.49,0.0,False,False,False,False,,,mobile,2026-09-14 16:29:10
735,ch_c4b3c70a0fd348a8,20260618,19,29,117,7,2,78,5,succeeded,149.52,27.41,1.09,26.32,0.0,False,False,False,True,,,mobile,2026-09-14 16:29:10
736,ch_cc8ff85f9549414c,20260618,21,18,169,2,4,47,4,succeeded,174.68,143.51,4.46,139.05,0.0,False,False,False,False,,,mobile,2026-09-14 16:29:10
737,ch_20e14a8a1fbb4293,20260619,8,47,127,10,3,,5,succeeded,1014.87,185.69,5.69,180.0,0.0,False,False,False,False,,,tablet,2026-09-14 16:29:10
738,ch_a1dbfa09acb84fd3,20260619,13,1,191,11,2,2,1,succeeded,141.81,141.81,4.41,137.4,0.0,False,False,False,False,0.4154,medium,tablet,2026-09-14 16:29:10
739,ch_11455846d2024c96,20260619,14,9,86,7,5,25,2,succeeded,104.83,111.54,3.53,108.01,0.0,False,False,False,False,,,mobile,2026-09-14 16:29:10
740,ch_8aab73c834164f7d,20260619,18,52,36,1,2,,4,succeeded,35.59,29.35,1.15,28.2,0.0,False,False,False,False,,,mobile,2026-09-14 16:29:10
741,ch_92dd9ba4d5694316,20260620,10,51,167,7,5,143,9,succeeded,16440.06,11.25,0.63,10.62,0.0,False,False,False,True,,,mobile,2026-09-14 16:29:10
742,ch_6964e403fb87495f,20260620,15,1,31,3,2,,1,succeeded,373.48,373.48,11.13,362.35,0.0,False,False,False,False,,,mobile,2026-09-14 16:29:10
743,ch_f938b7c8f9694374,20260621,20,10,5,2,5,28,8,succeeded,262.32,176.19,5.41,170.78,0.0,False,False,False,False,,,desktop,2026-09-14 16:29:10
744,ch_49e7c1ea4e5944c3,20260622,1,29,61,11,5,78,5,succeeded,149.52,27.54,1.1,26.44,0.0,False,False,False,True,0.3206,medium,desktop,2026-09-14 16:29:10
745,ch_0b15ad388fbf4965,20260622,2,51,96,11,2,143,9,succeeded,16440.06,11.26,0.63,10.63,0.0,False,False,False,True,,,desktop,2026-09-14 16:29:10
746,ch_fcb32f1d56b64ce3,20260622,9,11,171,9,1,31,7,succeeded,14894.0,99.34,3.18,96.16,0.0,False,False,False,False,,,desktop,2026-09-14 16:29:10
747,ch_036891fb9ce04035,20260623,10,21,42,2,5,55,6,succeeded,177.61,143.41,4.46,138.95,0.0,False,True,False,False,,,desktop,2026-09-14 16:29:10
748,ch_d82dbe73c01b49c6,20260625,23,47,13,4,6,,5,succeeded,217.8,40.4,1.47,38.93,0.0,False,False,False,False,,,mobile,2026-09-14 16:29:10
749,ch_8465f622902f4d88,20260626,3,28,37,8,3,,1,succeeded,77.93,77.93,2.56,75.37,0.0,False,False,False,False,,,mobile,2026-09-14 16:29:10
750,ch_b58831984e3041b2,20260626,7,26,86,7,5,69,9,succeeded,50799.43,34.55,1.3,33.25,0.0,False,False,False,True,,,desktop,2026-09-14 16:29:10
751,ch_fcbb27808f524560,20260626,11,44,19,2,2,123,2,succeeded,26.7,28.49,1.13,27.36,0.0,False,False,False,False,,,desktop,2026-09-14 16:29:10
752,ch_3cb33bd167934af5,20260627,0,32,147,4,1,85,2,succeeded,30.3,32.31,1.24,31.07,0.0,False,False,False,True,,,tablet,2026-09-14 16:29:10
753,ch_ea3113d7b13c4a49,20260627,16,31,182,5,4,84,2,succeeded,141.35,150.74,4.67,146.07,0.0,False,False,False,False,,,tablet,2026-09-14 16:29:10
754,ch_3fee675d4ab24a89,20260627,17,13,192,4,4,39,3,succeeded,88.22,109.55,3.48,106.07,0.0,False,False,False,False,,,tablet,2026-09-14 16:29:10
755,ch_16a93263142e4328,20260627,19,38,28,5,3,,1,succeeded,160.73,160.73,4.96,155.77,0.0,False,False,False,False,,,mobile,2026-09-14 16:29:10
756,ch_cd322b0f03a54c02,20260627,20,31,187,2,5,83,2,succeeded,81.02,86.4,2.81,83.59,0.0,False,False,False,False,,,desktop,2026-09-14 16:29:10
757,ch_d4b5c905c0be49b4,20260628,1,22,33,1,5,,9,succeeded,20871.6,14.15,0.71,13.44,0.0,False,False,False,False,,,mobile,2026-09-14 16:29:10
758,ch_57a5d4ff3f7242d3,20260628,1,38,14,8,3,104,1,failed,63.73,63.73,0.0,0.0,0.0,False,False,False,True,,,mobile,2026-09-14 16:29:10
759,ch_16b0f7e4ab364900,20260628,8,3,148,10,5,8,8,succeeded,243.09,164.81,5.08,159.73,0.0,False,False,False,False,,,desktop,2026-09-14 16:29:10
760,ch_98d83c6768f34b86,20260628,16,29,125,2,4,77,5,succeeded,575.22,106.84,3.4,103.44,0.0,False,False,False,False,,,desktop,2026-09-14 16:29:10
761,ch_1490adb61ca54893,20260628,21,29,119,2,4,78,5,succeeded,149.52,27.77,1.11,26.66,0.0,False,False,False,True,,,mobile,2026-09-14 16:29:10
762,ch_a74bb8c0baee4771,20260629,9,20,12,4,5,53,9,succeeded,50940.45,34.47,1.3,33.17,0.0,False,False,False,True,,,tablet,2026-09-14 16:29:10
763,ch_6f9c887a302f44b0,20260630,4,50,168,3,5,,8,succeeded,231.02,156.77,4.85,151.92,0.0,False,False,False,False,,,mobile,2026-09-14 16:29:10
764,ch_aa383cf3aeb04676,20260630,4,50,168,3,5,,8,succeeded,197.57,134.07,4.19,129.88,0.0,False,False,False,False,,,desktop,2026-09-14 16:29:10
765,ch_09fda08c97a148de,20260630,4,50,168,3,5,,8,succeeded,55.38,37.58,1.39,36.19,0.0,False,False,False,False,,,desktop,2026-09-14 16:29:10
766,ch_1a3ffefb9a7f41fc,20260630,4,50,168,3,5,,8,succeeded,363.42,246.62,7.45,239.17,0.0,False,True,True,False,0.6809,high,desktop,2026-09-14 16:29:10
767,ch_01ad5a210c05438e,20260630,4,50,168,3,5,,8,succeeded,242.23,164.38,5.07,159.31,0.0,False,False,False,False,,,desktop,2026-09-14 16:29:10
768,ch_c0ce21548a0547df,20260630,4,50,168,3,5,,8,succeeded,72.7,49.33,1.73,47.6,0.0,False,False,False,False,,,desktop,2026-09-14 16:29:10
769,ch_3aceea22d8cc4c1e,20260630,8,29,190,9,7,78,5,succeeded,149.52,28.01,1.11,26.9,0.0,False,False,False,True,,,mobile,2026-09-14 16:29:10
770,ch_ab1641ebc01a46aa,20260630,21,39,93,1,1,107,3,failed,77.21,96.32,0.0,0.0,0.0,False,False,False,False,,,mobile,2026-09-14 16:29:10
771,ch_fd43a63a7b1e4258,20260630,21,13,152,10,4,37,3,succeeded,120.87,150.78,4.67,146.11,0.0,False,False,False,False,0.3399,medium,desktop,2026-09-14 16:29:10
772,ch_67d6f2fedfb24ab6,20260701,2,41,77,5,5,112,2,succeeded,76.22,81.29,2.66,78.63,0.0,False,False,False,True,,,mobile,2026-09-14 16:29:10
773,ch_32b665ea72b742f5,20260701,11,29,131,11,3,78,5,succeeded,149.52,28.01,1.11,26.9,0.0,False,False,False,True,,,mobile,2026-09-14 16:29:10
774,ch_2dba0a851d394a89,20260701,11,38,188,4,2,104,1,succeeded,63.73,63.73,2.15,61.58,0.0,False,False,False,True,,,mobile,2026-09-14 16:29:10
775,ch_834819e2362b48e7,20260701,17,10,73,5,1,,8,succeeded,285.34,193.41,5.91,187.5,0.0,False,False,False,False,,,mobile,2026-09-14 16:29:10
776,ch_b2804ad0c7d8432f,20260701,21,34,78,8,5,,2,succeeded,112.69,120.19,3.79,116.4,0.0,False,False,False,False,,,desktop,2026-09-14 16:29:10
777,ch_4682821147724a99,20260702,2,19,166,7,3,49,9,succeeded,73433.4,49.68,1.74,47.94,0.0,False,False,False,True,,,desktop,2026-09-14 16:29:10
778,ch_9f7bf822b84343db,20260702,3,43,25,7,3,120,6,succeeded,108.14,87.07,2.83,84.24,0.0,False,False,False,True,,,mobile,2026-09-14 16:29:10
779,ch_5921577870f44c82,20260702,9,4,52,7,3,,3,succeeded,89.69,111.88,3.54,108.34,0.0,False,False,False,False,0.4061,medium,mobile,2026-09-14 16:29:10
780,ch_5e09c76747444dfc,20260702,10,8,169,2,4,,2,succeeded,134.09,142.8,4.44,138.36,0.0,False,False,False,False,,,mobile,2026-09-14 16:29:10
781,ch_e5d7ee449fc34f24,20260702,13,51,185,11,8,143,9,succeeded,16440.06,11.12,0.62,10.5,0.0,False,False,False,True,,,mobile,2026-09-14 16:29:10
782,ch_6eb82cafe8224f29,20260702,14,16,55,8,3,45,2,failed,26.85,28.59,0.0,0.0,0.0,False,False,False,True,,,tablet,2026-09-14 16:29:10
783,ch_4f77ded7d73d4c07,20260702,14,47,178,10,6,131,5,succeeded,179.52,33.56,1.27,32.29,0.0,False,False,False,False,,,mobile,2026-09-14 16:29:10
784,ch_bb155d9398c04ead,20260702,18,15,79,1,1,,3,succeeded,38.37,47.86,1.69,46.17,0.0,False,True,False,False,,,desktop,2026-09-14 16:29:10
785,ch_0bd54288d0ea4cc1,20260702,22,32,146,5,4,85,2,succeeded,30.3,32.27,1.24,31.03,0.0,False,True,False,True,,,tablet,2026-09-14 16:29:10
786,ch_942e204f77554d29,20260703,8,36,137,5,3,97,2,succeeded,5.54,5.89,0.47,5.42,0.0,False,False,False,False,,,desktop,2026-09-14 16:29:10
787,ch_ffd27a62e651428f,20260703,13,23,44,10,3,63,2,succeeded,149.45,158.88,4.91,153.97,0.0,False,False,False,False,,,mobile,2026-09-14 16:29:10
788,ch_689fe0d625ae449e,20260703,14,42,45,10,7,116,3,succeeded,83.41,104.11,3.32,100.79,0.0,False,False,False,True,,,tablet,2026-09-14 16:29:10
789,ch_1dcc522b2f3f434f,20260704,4,20,112,11,2,54,9,succeeded,73627.95,49.92,1.75,48.17,0.0,False,False,False,True,,,desktop,2026-09-14 16:29:10
790,ch_1f27235a3b2b4ac3,20260704,10,29,175,8,4,78,5,succeeded,149.52,27.93,1.11,26.82,0.0,False,False,False,False,,,desktop,2026-09-14 16:29:10
791,ch_c6bf08b8f126414b,20260704,11,16,198,4,1,45,2,failed,26.85,28.62,0.0,0.0,0.0,False,False,False,True,,,mobile,2026-09-14 16:29:10
792,ch_f17cfc433cad423c,20260705,4,1,84,5,2,3,1,succeeded,136.28,136.28,4.25,132.03,0.0,False,False,False,True,,,desktop,2026-09-14 16:29:10
793,ch_44189ba2b1744f4f,20260707,0,51,39,1,4,144,9,succeeded,83306.58,56.52,1.94,54.58,0.0,False,True,False,True,,,desktop,2026-09-14 16:29:10
794,ch_98d85d1120f04e4c,20260707,9,9,156,10,4,26,2,succeeded,149.64,159.76,4.93,154.83,0.0,False,False,False,False,,,desktop,2026-09-14 16:29:10
795,ch_c55cd11ffefb4d31,20260707,12,2,124,6,3,,9,succeeded,71508.38,48.52,1.71,46.81,0.0,False,False,False,False,,,mobile,2026-09-14 16:29:10
796,ch_7106c325171f483b,20260707,12,32,20,11,3,85,2,succeeded,30.3,32.35,1.24,31.11,0.0,False,False,False,True,,,desktop,2026-09-14 16:29:10
797,ch_76f57332cc3944fa,20260708,21,42,107,1,5,116,3,succeeded,83.41,103.53,3.3,100.23,0.0,False,False,False,True,,,mobile,2026-09-14 16:29:10
798,ch_f7bf155159fc4a9a,20260708,22,37,153,3,2,101,2,succeeded,63.33,67.67,2.26,65.41,0.0,False,False,False,False,,,mobile,2026-09-14 16:29:10
799,ch_33eccd3052994180,20260709,12,12,33,1,5,35,7,failed,6987.0,46.52,0.0,0.0,0.0,False,False,False,False,,,mobile,2026-09-14 16:29:10
800,ch_b312c3d878e8452b,20260709,14,51,180,8,7,142,9,succeeded,60586.26,41.06,1.49,39.57,0.0,False,False,False,True,,,desktop,2026-09-14 16:29:10
801,ch_590ac44a537d4a64,20260709,15,28,55,8,3,,1,succeeded,47.31,47.31,1.67,45.64,0.0,False,False,False,False,,,tablet,2026-09-14 16:29:10
802,ch_c9453c73d6ac42a7,20260709,16,7,192,4,5,20,2,succeeded,42.12,45.12,1.61,43.51,0.0,False,False,False,False,,,desktop,2026-09-14 16:29:10
803,ch_e664bad2aa224115,20260709,21,40,58,7,4,110,7,failed,10310.0,68.64,0.0,0.0,0.0,False,False,False,False,,,desktop,2026-09-14 16:29:10
804,ch_aa516b43a76640f5,20260710,0,53,107,1,5,,9,succeeded,29978.05,20.35,0.89,19.46,0.0,False,False,False,False,,,mobile,2026-09-14 16:29:10
805,ch_3355d2d56c564897,20260710,6,10,21,1,6,,8,succeeded,73.44,49.46,1.73,47.73,0.0,False,False,False,False,,,tablet,2026-09-14 16:29:10
806,ch_5e7bed15335c483c,20260710,6,10,21,1,6,,8,succeeded,171.48,115.48,3.65,111.83,0.0,False,False,False,False,,,mobile,2026-09-14 16:29:10
807,ch_ddc409d1ba5b4efa,20260710,6,10,21,1,6,,8,succeeded,67.86,45.7,1.63,44.07,0.0,False,False,False,False,,,tablet,2026-09-14 16:29:10
808,ch_efc5807515bc4b5c,20260710,6,10,21,1,5,,8,succeeded,79.39,53.47,1.85,51.62,0.0,False,False,False,False,,,mobile,2026-09-14 16:29:10
809,ch_e99704d97e734f01,20260710,7,10,21,10,5,,8,succeeded,382.79,257.79,7.78,250.01,0.0,False,True,False,False,0.484,medium,desktop,2026-09-14 16:29:10
810,ch_e0f92be316904a06,20260710,7,10,21,1,6,,8,succeeded,70.08,47.2,1.67,45.53,0.0,False,False,False,False,,,tablet,2026-09-14 16:29:10
811,ch_eba81f55d8d0455c,20260710,10,20,27,1,2,53,9,succeeded,50940.45,34.58,1.3,33.28,0.0,False,False,False,True,,,mobile,2026-09-14 16:29:10
812,ch_a5f06da5af9f4db3,20260710,11,6,10,1,2,17,3,succeeded,87.15,107.98,3.43,104.55,0.0,False,False,False,False,,,desktop,2026-09-14 16:29:10
813,ch_276a58b6f9a94d2d,20260710,11,30,79,1,1,79,6,succeeded,161.59,131.9,4.13,127.77,0.0,False,False,False,False,,,tablet,2026-09-14 16:29:10
814,ch_da7f8171d95c43ef,20260710,18,46,178,10,7,127,7,succeeded,17741.0,118.37,3.73,114.64,0.0,False,False,False,False,,,mobile,2026-09-14 16:29:10
815,ch_16069d6054114a79,20260710,20,21,96,10,3,56,6,succeeded,148.77,121.44,3.82,117.62,0.0,False,False,False,False,0.5186,medium,tablet,2026-09-14 16:29:10
816,ch_0207a4746f13432c,20260710,20,38,79,3,1,103,1,succeeded,23.2,23.2,0.97,22.23,0.0,False,False,False,True,,,desktop,2026-09-14 16:29:10
817,ch_40a661913cdf43e6,20260710,20,46,151,8,1,128,7,succeeded,5430.0,36.23,1.35,34.88,0.0,False,False,False,True,,,mobile,2026-09-14 16:29:10
818,ch_c6ca61641c134d84,20260710,22,51,124,6,3,144,9,succeeded,83306.58,56.55,1.94,54.61,0.0,False,False,False,False,,,mobile,2026-09-14 16:29:10
819,ch_12f7ad3f0fb14a11,20260711,13,23,137,5,3,61,2,succeeded,36.97,39.58,1.45,38.13,0.0,False,False,False,False,,,mobile,2026-09-14 16:29:10
820,ch_d257968fac6b4ada,20260713,10,32,196,3,2,85,2,succeeded,30.3,32.46,1.24,31.22,0.0,False,False,False,True,,,tablet,2026-09-14 16:29:10
821,ch_fd371f3da3c54ea3,20260713,11,24,93,1,1,,2,succeeded,125.28,134.19,4.19,130.0,0.0,False,False,False,False,,,mobile,2026-09-14 16:29:10
822,ch_dde8f3984aba4f97,20260713,16,27,159,4,3,70,1,succeeded,36.02,36.02,1.34,34.68,0.0,False,False,False,False,,,desktop,2026-09-14 16:29:10
823,ch_5f00ccfab6164971,20260713,16,41,138,6,6,112,2,succeeded,76.22,81.64,2.67,78.97,0.0,False,False,False,True,,,desktop,2026-09-14 16:29:10
824,ch_6d95b7f9a569474e,20260713,19,41,84,5,2,112,2,succeeded,76.22,81.64,2.67,78.97,0.0,False,False,False,True,,,mobile,2026-09-14 16:29:10
825,ch_61b856c025d3433b,20260714,5,27,169,2,4,71,1,succeeded,110.87,110.87,3.52,107.35,0.0,False,False,False,True,,,mobile,2026-09-14 16:29:10
826,ch_d57120ef5aff4a9e,20260714,8,16,84,5,2,43,2,succeeded,3.73,4.0,0.42,3.58,0.0,False,False,False,False,,,mobile,2026-09-14 16:29:10
827,ch_492a4b70aa5948a8,20260714,16,51,93,1,1,142,9,succeeded,60586.26,41.08,1.49,39.59,0.0,False,False,False,False,,,mobile,2026-09-14 16:29:10
828,ch_f9eed14a93594bc2,20260715,8,5,178,10,7,,3,succeeded,113.82,141.41,4.4,137.01,0.0,False,False,False,False,,,desktop,2026-09-14 16:29:10
829,ch_03c68bf1e9d14d16,20260715,8,7,194,2,4,21,2,failed,77.06,82.69,0.0,0.0,0.0,False,False,False,False,,,mobile,2026-09-14 16:29:10
830,ch_c2db628a596c4bf6,20260715,19,49,122,2,2,,2,succeeded,118.52,127.18,3.99,123.19,0.0,False,False,False,False,,,desktop,2026-09-14 16:29:10
831,ch_fc4ab27d637f4f0e,20260715,20,43,157,2,4,120,6,failed,108.14,88.54,0.0,0.0,0.0,False,False,False,False,,,mobile,2026-09-14 16:29:10
832,ch_5436faa1a5084434,20260716,2,8,127,10,3,24,2,succeeded,118.04,126.71,3.97,122.74,0.0,False,False,False,True,,,desktop,2026-09-14 16:29:10
833,ch_c973944630d84423,20260716,11,6,165,10,6,16,3,succeeded,67.86,83.79,2.73,81.06,0.0,False,False,False,False,,,mobile,2026-09-14 16:29:10
834,ch_41aea2a571eb44c4,20260716,12,24,67,11,1,66,2,succeeded,75.98,81.56,2.67,78.89,0.0,False,False,False,False,,,desktop,2026-09-14 16:29:10
835,ch_ae7b0db03fe042cb,20260716,12,24,192,4,5,66,2,succeeded,75.98,81.56,2.67,78.89,0.0,False,False,False,True,,,desktop,2026-09-14 16:29:10
836,ch_f558b0655c184b79,20260716,17,5,92,7,5,13,3,succeeded,112.37,138.74,4.32,134.42,0.0,False,False,False,False,,,mobile,2026-09-14 16:29:10
837,ch_125afa680f0949ab,20260717,10,20,5,2,4,,9,succeeded,112236.21,75.84,2.5,73.34,0.0,False,False,False,False,,,desktop,2026-09-14 16:29:10
838,ch_6b1aefcd92284d7f,20260717,16,43,140,3,2,119,6,succeeded,205.34,168.43,5.18,163.25,0.0,False,False,False,False,,,mobile,2026-09-14 16:29:10
839,ch_974e8b4794d14524,20260717,18,24,15,9,3,64,2,succeeded,110.59,119.16,3.76,115.4,0.0,False,False,False,False,0.4576,medium,mobile,2026-09-14 16:29:10
840,ch_c0b21d266c324433,20260718,5,8,74,10,1,24,2,succeeded,118.04,126.97,3.98,122.99,0.0,False,False,False,True,,,mobile,2026-09-14 16:29:10
841,ch_cbc48aedd0d745de,20260718,7,19,73,5,1,51,9,succeeded,57228.29,38.81,1.43,37.38,0.0,False,False,False,False,,,mobile,2026-09-14 16:29:10
842,ch_87d8a8ff57ac4be3,20260718,7,27,56,2,8,,1,succeeded,106.86,106.86,3.4,103.46,0.0,False,False,False,False,,,mobile,2026-09-14 16:29:10
843,ch_b79ef4368439415b,20260718,8,27,56,2,8,,1,succeeded,55.23,55.23,1.9,53.33,0.0,False,False,False,False,,,mobile,2026-09-14 16:29:10
844,ch_39010c41731a42d5,20260718,8,27,56,2,8,,1,succeeded,186.23,186.23,5.7,180.53,0.0,False,False,False,False,,,desktop,2026-09-14 16:29:10
845,ch_fedb24c38e78467e,20260718,8,27,56,2,8,,1,succeeded,37.51,37.51,1.39,36.12,0.0,False,False,False,False,,,mobile,2026-09-14 16:29:10
846,ch_3ef7dcff66984ffd,20260718,8,27,56,2,8,,1,succeeded,382.18,382.18,11.38,370.8,0.0,False,False,True,False,0.6154,high,desktop,2026-09-14 16:29:10
847,ch_8c8ae2947a3c43a3,20260718,15,38,3,4,8,103,1,succeeded,23.2,23.2,0.97,22.23,0.0,False,False,False,True,,,mobile,2026-09-14 16:29:10
848,ch_7d50eb89f6984fa7,20260718,17,13,73,5,1,38,3,failed,65.29,80.44,0.0,0.0,0.0,False,False,False,False,,,desktop,2026-09-14 16:29:10
849,ch_c60d42fe85b34a0e,20260718,19,29,117,7,3,78,5,succeeded,149.52,28.08,1.11,26.97,0.0,False,False,False,True,,,tablet,2026-09-14 16:29:10
850,ch_70eda0a322034a41,20260719,8,38,180,8,7,104,1,succeeded,63.73,63.73,2.15,61.58,0.0,False,False,False,False,,,mobile,2026-09-14 16:29:10
851,ch_1825c2e437d54998,20260719,14,35,89,9,2,96,9,failed,70962.77,48.03,0.0,0.0,0.0,False,False,False,False,,,mobile,2026-09-14 16:29:10
852,ch_aeab59a73d18495a,20260720,10,9,37,8,3,27,2,succeeded,44.67,48.1,1.69,46.41,0.0,False,False,False,False,,,mobile,2026-09-14 16:29:10
853,ch_02f18b0d202e4b5f,20260720,10,51,167,7,5,143,9,succeeded,16440.06,11.14,0.62,10.52,0.0,False,False,False,True,,,desktop,2026-09-14 16:29:10
854,ch_b921317e992e4d95,20260720,12,41,7,6,3,112,2,succeeded,76.22,82.07,2.68,79.39,0.0,False,False,False,False,,,desktop,2026-09-14 16:29:10
855,ch_638a009631bb48f2,20260720,16,10,154,5,4,,8,succeeded,290.91,195.48,5.97,189.51,0.0,False,False,False,False,,,desktop,2026-09-14 16:29:10
856,ch_10679afd689040e8,20260721,7,49,68,1,6,136,2,succeeded,62.5,67.25,2.25,65.0,0.0,False,False,False,False,,,mobile,2026-09-14 16:29:10
857,ch_8e50538c3b4542b9,20260721,9,49,167,7,5,,2,succeeded,66.4,71.45,2.37,69.08,0.0,False,False,False,False,,,mobile,2026-09-14 16:29:10
858,ch_af8f15fefde04ce2,20260722,1,29,61,5,5,78,5,succeeded,149.52,28.04,1.11,26.93,0.0,False,False,False,True,,,desktop,2026-09-14 16:29:10
859,ch_c8b4ecad0dc94aa7,20260722,2,51,96,11,3,143,9,succeeded,16440.06,11.05,0.62,10.43,0.0,False,False,False,True,,,tablet,2026-09-14 16:29:10
860,ch_d9ff0e6c0eef4257,20260722,22,10,51,4,2,28,8,failed,262.32,178.49,0.0,0.0,0.0,False,False,False,False,,,mobile,2026-09-14 16:29:10
861,ch_7e5acb8a22fd4642,20260722,22,34,93,1,1,91,2,succeeded,65.83,71.07,2.36,68.71,0.0,False,False,False,False,,,mobile,2026-09-14 16:29:10
862,ch_966c32c6597f4aea,20260723,13,30,190,9,7,81,6,succeeded,200.37,163.65,5.05,158.6,0.0,False,False,False,False,,,mobile,2026-09-14 16:29:10
863,ch_3fe1196fd9d74ec9,20260723,14,52,168,3,5,145,4,succeeded,132.14,111.4,3.53,107.87,0.0,False,False,False,True,,,desktop,2026-09-14 16:29:10
864,ch_fdf151562441439e,20260724,7,16,139,5,4,44,2,succeeded,82.08,89.05,2.88,86.17,0.0,False,False,False,False,,,mobile,2026-09-14 16:29:10
865,ch_bc1c74d0134e4487,20260724,11,29,173,4,5,76,5,failed,874.73,164.98,0.0,0.0,0.0,False,False,False,False,,,mobile,2026-09-14 16:29:10
866,ch_1c1ae09140e34c56,20260724,21,51,111,4,2,,9,succeeded,14538.09,9.75,0.58,9.17,0.0,False,False,False,False,,,mobile,2026-09-14 16:29:10
867,ch_dacc4dfe19a64ffa,20260725,1,52,187,2,5,146,4,succeeded,217.91,184.56,5.65,178.91,0.0,False,False,False,False,,,mobile,2026-09-14 16:29:10
868,ch_df923bcdb39c478d,20260725,2,31,123,7,5,,2,succeeded,133.91,145.85,4.53,141.32,0.0,False,False,False,False,,,mobile,2026-09-14 16:29:10
869,ch_73b5ebdff8cd4fa2,20260725,6,3,129,7,6,9,8,succeeded,97.72,66.05,2.22,63.83,0.0,False,False,False,False,,,mobile,2026-09-14 16:29:10
870,ch_82c057a8139140d9,20260725,10,31,144,5,6,83,2,succeeded,81.02,88.24,2.86,85.38,0.0,False,False,False,False,,,mobile,2026-09-14 16:29:10
871,ch_b6537f6c3d3741ca,20260725,18,22,161,1,2,59,9,succeeded,42239.05,28.24,1.12,27.12,0.0,False,False,False,False,,,mobile,2026-09-14 16:29:10
872,ch_da7ee30010d642ba,20260725,18,21,169,2,4,56,6,succeeded,148.77,121.34,3.82,117.52,0.0,False,False,False,False,,,mobile,2026-09-14 16:29:10
873,ch_f00b27cd322a4b3f,20260725,20,44,149,11,3,122,2,succeeded,135.88,147.99,4.59,143.4,0.0,False,False,False,False,,,mobile,2026-09-14 16:29:10
874,ch_f5d334d23702473b,20260725,22,48,173,4,5,,7,succeeded,6602.0,44.07,1.58,42.49,0.0,False,False,False,False,,,mobile,2026-09-14 16:29:10
875,ch_11dd63e7433c44ca,20260726,11,19,60,4,1,51,9,failed,57228.29,38.19,0.0,0.0,0.0,False,False,False,False,,,desktop,2026-09-14 16:29:10
876,ch_94bd79bfb9604d22,20260727,0,32,147,4,1,85,2,succeeded,30.3,33.07,1.26,31.81,0.0,False,False,False,True,,,mobile,2026-09-14 16:29:10
877,ch_e8da201172ea414c,20260727,12,44,1,3,2,121,2,failed,103.08,112.51,0.0,0.0,0.0,False,False,False,False,,,mobile,2026-09-14 16:29:10
878,ch_d0ca0bd028b04cf3,20260727,19,53,187,8,5,148,9,succeeded,85906.39,57.37,1.96,55.41,0.0,False,False,False,False,0.5316,medium,mobile,2026-09-14 16:29:10
879,ch_aead9c337d2b441a,20260728,1,38,14,8,4,104,1,succeeded,63.73,63.73,2.15,61.58,0.0,False,False,False,True,,,mobile,2026-09-14 16:29:10
880,ch_aeed409cf5cf4548,20260728,7,34,185,11,1,93,2,succeeded,136.01,148.31,4.6,143.71,0.0,False,False,False,False,,,mobile,2026-09-14 16:29:10
881,ch_b4512c367da74059,20260728,9,32,145,9,3,85,2,succeeded,30.3,33.04,1.26,31.78,0.0,False,False,False,False,,,desktop,2026-09-14 16:29:10
882,ch_7d792d72d04f41ff,20260728,10,23,88,2,3,62,2,succeeded,187.5,204.45,6.23,198.22,0.0,False,False,False,False,,,tablet,2026-09-14 16:29:10
883,ch_20d04c77e6074b95,20260728,21,10,81,5,5,,8,succeeded,91.31,61.88,2.09,59.79,0.0,False,False,False,False,,,mobile,2026-09-14 16:29:10
884,ch_e1c05cc6a74e4c08,20260728,21,29,119,2,4,78,5,succeeded,149.52,28.45,1.13,27.32,0.0,False,False,False,True,,,mobile,2026-09-14 16:29:10
885,ch_e01d010710934e4c,20260729,9,20,12,7,2,53,9,succeeded,50940.45,33.77,1.28,32.49,0.0,False,False,False,True,0.4413,medium,mobile,2026-09-14 16:29:10
886,ch_4a4928489ecf4719,20260729,11,21,116,11,2,55,6,succeeded,177.61,143.27,4.45,138.82,0.0,False,False,False,False,,,desktop,2026-09-14 16:29:10
887,ch_24368b3972c54899,20260729,11,43,78,11,1,,6,succeeded,320.41,258.45,7.8,250.65,0.0,False,False,False,False,,,mobile,2026-09-14 16:29:10
888,ch_70ea565817be4007,20260729,12,19,50,6,2,51,9,failed,57228.29,37.94,0.0,0.0,0.0,False,False,False,False,,,tablet,2026-09-14 16:29:10
889,ch_7d6fc35f011b48ed,20260729,15,39,101,3,3,,3,succeeded,44.28,54.39,1.88,52.51,0.0,False,True,False,False,,,desktop,2026-09-14 16:29:10
890,ch_884b9ca48d744694,20260729,19,49,138,6,6,136,2,succeeded,62.5,68.22,2.28,65.94,0.0,False,False,False,False,,,desktop,2026-09-14 16:29:10
891,ch_38322e766c534d91,20260730,4,24,104,7,5,66,2,succeeded,75.98,82.9,2.7,38.75,41.45,True,False,False,True,,,desktop,2026-09-14 16:29:10
892,ch_15b146a8e58047b1,20260730,8,29,190,9,7,78,5,succeeded,149.52,28.48,1.13,-1.13,28.48,True,False,False,True,,,mobile,2026-09-14 16:29:10
893,ch_6ba5c34b462d4b0d,20260731,2,41,77,5,5,112,2,succeeded,76.22,83.18,2.71,80.47,0.0,False,False,False,True,,,mobile,2026-09-14 16:29:10
894,ch_b7ba47bb3a7c4bc4,20260731,11,45,20,11,7,,1,succeeded,77.9,77.9,2.56,75.34,0.0,False,False,False,False,,,mobile,2026-09-14 16:29:10
895,ch_0e3d545756b64b36,20260731,11,29,131,11,3,78,5,succeeded,149.52,28.61,1.13,27.48,0.0,False,False,False,True,,,tablet,2026-09-14 16:29:10
896,ch_16b783d555a94c33,20260801,11,1,89,9,2,1,1,succeeded,169.96,169.96,5.23,164.73,0.0,False,False,False,False,,,mobile,2026-09-14 16:29:10
897,ch_17eb856d4af648fe,20260801,13,51,185,11,1,143,9,succeeded,16440.06,10.83,0.61,10.22,0.0,False,False,False,True,,,mobile,2026-09-14 16:29:10
898,ch_e12e21c4adb64be1,20260801,14,16,55,8,3,45,2,succeeded,26.85,29.36,1.15,28.21,0.0,False,False,False,True,,,tablet,2026-09-14 16:29:10
899,ch_2bd34ccab1b943ae,20260801,14,29,155,11,2,78,5,succeeded,149.52,28.65,1.13,27.52,0.0,False,False,False,True,,,tablet,2026-09-14 16:29:10
900,ch_baf82cdc96354e71,20260801,22,32,146,5,4,85,2,succeeded,30.3,33.13,1.26,7.02,24.85,True,False,False,True,,,mobile,2026-09-14 16:29:10
901,ch_c5dcf8a4f67e4d9a,20260802,13,11,109,8,3,33,7,succeeded,5584.0,37.14,1.38,35.76,0.0,False,False,False,False,,,desktop,2026-09-14 16:29:10
902,ch_b06e4c0c0a494c01,20260802,14,42,45,10,8,116,3,succeeded,83.41,102.7,3.28,99.42,0.0,False,False,False,True,,,mobile,2026-09-14 16:29:10
903,ch_6170fb60e6a14eb7,20260802,18,43,68,1,6,119,6,succeeded,205.34,165.17,5.09,160.08,0.0,False,False,False,False,,,mobile,2026-09-14 16:29:10
904,ch_2b6a92156c7c43b1,20260803,4,20,112,11,2,54,9,failed,73627.95,48.01,0.0,0.0,0.0,False,False,False,True,,,mobile,2026-09-14 16:29:10
905,ch_c35fbceef6824411,20260803,11,16,198,4,1,45,2,succeeded,26.85,29.47,1.15,28.32,0.0,False,False,False,True,,,mobile,2026-09-14 16:29:10
906,ch_2651618d41d741c8,20260803,15,18,174,8,5,,4,succeeded,203.64,172.77,5.31,167.46,0.0,False,False,False,False,,,mobile,2026-09-14 16:29:10
907,ch_a225e6c2a91b4703,20260803,17,2,26,5,4,4,9,succeeded,34750.36,22.66,0.96,21.7,0.0,False,False,False,False,0.3261,medium,mobile,2026-09-14 16:29:10
908,ch_8f7268a590824337,20260804,4,1,84,5,2,3,1,succeeded,136.28,136.28,4.25,132.03,0.0,False,False,False,True,,,tablet,2026-09-14 16:29:10
909,ch_ec0846b5b0ed4a19,20260804,18,20,163,2,2,54,9,succeeded,73627.95,47.93,1.69,46.24,0.0,False,False,False,False,,,mobile,2026-09-14 16:29:10
910,ch_7a56101048604ad3,20260805,21,3,18,8,2,7,8,succeeded,201.32,136.48,4.26,132.22,0.0,False,False,False,False,,,mobile,2026-09-14 16:29:10
911,ch_e18f987cc7b34092,20260806,12,32,20,11,3,85,2,succeeded,30.3,33.15,1.26,31.89,0.0,False,False,False,True,,,desktop,2026-09-14 16:29:10
912,ch_3a0cc08d3ae1482e,20260807,9,50,102,7,3,141,8,succeeded,155.77,105.62,3.36,102.26,0.0,False,False,False,False,,,desktop,2026-09-14 16:29:10
913,ch_8b66ceac5de54d3f,20260807,10,22,176,9,2,60,9,succeeded,47100.88,30.79,1.19,29.6,0.0,False,False,False,False,,,tablet,2026-09-14 16:29:10
914,ch_0593c921002e4010,20260807,14,6,88,2,3,,3,succeeded,70.18,86.61,2.81,83.8,0.0,False,False,False,False,,,mobile,2026-09-14 16:29:10
915,ch_8588b8d862734f3c,20260807,16,26,98,6,2,69,9,succeeded,50799.43,33.21,1.26,31.95,0.0,False,False,False,False,,,desktop,2026-09-14 16:29:10
916,ch_c72737a4e35f4124,20260807,21,42,107,1,5,116,3,succeeded,83.41,102.94,3.29,99.65,0.0,False,False,False,True,,,desktop,2026-09-14 16:29:10
917,ch_ea1cdd682aa044dd,20260808,18,6,85,8,5,17,3,succeeded,87.15,107.75,3.42,104.33,0.0,False,False,False,False,,,mobile,2026-09-14 16:29:10
918,ch_ef08e7dda8f84d79,20260809,8,29,131,11,3,77,5,succeeded,575.22,109.67,3.48,106.19,0.0,False,False,False,False,,,desktop,2026-09-14 16:29:10
919,ch_72eb66302bf1449e,20260809,9,52,134,10,4,147,4,succeeded,76.02,64.35,2.17,62.18,0.0,False,False,False,False,,,mobile,2026-09-14 16:29:10
920,ch_1425aa06a14c4ca7,20260809,10,20,27,1,2,53,9,failed,50940.45,33.1,0.0,0.0,0.0,False,False,False,True,,,tablet,2026-09-14 16:29:10
921,ch_99990a2022804171,20260809,18,10,24,8,5,30,8,succeeded,123.44,84.05,2.74,81.31,0.0,False,False,False,False,,,desktop,2026-09-14 16:29:10
922,ch_ff3c6d2ebcae4952,20260809,20,38,79,1,1,103,1,succeeded,23.2,23.2,0.97,22.23,0.0,False,False,False,True,,,mobile,2026-09-14 16:29:10
923,ch_34d6968f4ade4d8f,20260811,7,50,194,3,4,,8,succeeded,88.96,60.76,2.06,58.7,0.0,False,False,False,False,,,desktop,2026-09-14 16:29:10
924,ch_3bed32c4a5fa4e92,20260811,12,23,116,11,3,61,2,failed,36.97,40.58,0.0,0.0,0.0,False,False,False,False,,,desktop,2026-09-14 16:29:10
925,ch_238ba30272644265,20260811,17,23,177,6,4,61,2,succeeded,36.97,40.58,1.48,39.1,0.0,False,False,False,False,,,desktop,2026-09-14 16:29:10
926,ch_45729e47b3344061,20260811,18,4,146,5,4,,3,succeeded,67.09,82.64,2.7,79.94,0.0,False,False,False,False,,,mobile,2026-09-14 16:29:10
927,ch_560dcafd33524c51,20260812,10,32,196,9,2,85,2,failed,30.3,33.27,0.0,0.0,0.0,False,False,False,True,,,mobile,2026-09-14 16:29:10
928,ch_ade5543f0ad64930,20260812,16,41,138,6,6,112,2,succeeded,76.22,83.69,2.73,80.96,0.0,False,False,False,True,,,desktop,2026-09-14 16:29:10
929,ch_7d0f6e14e4454962,20260812,19,41,84,5,2,112,2,succeeded,76.22,83.69,2.73,80.96,0.0,False,False,False,True,,,desktop,2026-09-14 16:29:10
930,ch_fc2a96fb986d41f2,20260812,21,4,167,7,5,11,3,succeeded,13.52,16.7,0.78,15.92,0.0,False,False,False,False,,,mobile,2026-09-14 16:29:10
931,ch_46fb32ca026b4d10,20260813,5,27,169,2,4,71,1,succeeded,110.87,110.87,3.52,107.35,0.0,False,False,False,True,,,mobile,2026-09-14 16:29:10
932,ch_ae83698f57c14744,20260813,7,13,110,6,6,,3,succeeded,34.03,42.01,1.52,40.49,0.0,False,False,False,False,0.5452,medium,mobile,2026-09-14 16:29:10
933,ch_58421d615d8543f5,20260813,10,31,34,9,4,83,2,succeeded,81.02,88.77,2.87,85.9,0.0,False,False,False,False,,,mobile,2026-09-14 16:29:10
934,ch_28a7b1a179344497,20260813,11,15,57,9,5,,3,succeeded,63.28,78.12,2.57,75.55,0.0,False,False,True,False,0.7111,high,desktop,2026-09-14 16:29:10
935,ch_94b661643e8f412c,20260813,16,6,31,3,2,18,3,succeeded,31.96,39.45,1.44,38.01,0.0,False,False,False,False,,,mobile,2026-09-14 16:29:10
936,ch_56802c57552943db,20260814,21,23,44,10,4,61,2,succeeded,36.97,40.63,1.48,39.15,0.0,False,False,False,False,,,mobile,2026-09-14 16:29:10
937,ch_32d480012dd94366,20260815,4,37,47,2,5,,2,succeeded,59.2,65.03,2.19,62.84,0.0,False,False,False,False,,,desktop,2026-09-14 16:29:10
938,ch_029e888e940b4493,20260815,9,13,176,9,2,39,3,succeeded,88.22,109.08,3.46,105.62,0.0,False,False,False,False,,,tablet,2026-09-14 16:29:10
939,ch_9e39f46a01344990,20260815,11,8,92,7,5,23,2,succeeded,136.25,149.66,4.64,145.02,0.0,False,False,False,False,,,desktop,2026-09-14 16:29:10
940,ch_a1f8c940aff74d0f,20260815,12,24,192,4,5,66,2,succeeded,75.98,83.46,2.72,80.74,0.0,False,False,False,True,,,tablet,2026-09-14 16:29:10
941,ch_aaa604f7db7d43fb,20260816,13,10,195,7,4,30,8,failed,123.44,84.56,0.0,0.0,0.0,False,False,False,False,,,mobile,2026-09-14 16:29:10
942,ch_4cfaa1d71ac348e2,20260816,16,16,106,2,4,43,2,succeeded,3.73,4.09,0.42,3.67,0.0,False,False,False,False,,,desktop,2026-09-14 16:29:10
943,ch_107bc84d8c35441f,20260816,19,8,153,3,2,23,2,succeeded,136.25,149.29,4.63,144.66,0.0,False,False,False,False,,,mobile,2026-09-14 16:29:10
944,ch_2d2a8c16f8bd4625,20260817,15,38,3,4,8,103,1,succeeded,23.2,23.2,0.97,22.23,0.0,False,False,False,True,,,mobile,2026-09-14 16:29:10
945,ch_5f8629eabaa04a87,20260817,16,7,160,3,5,19,2,succeeded,88.62,97.01,3.11,93.9,0.0,False,False,False,False,,,mobile,2026-09-14 16:29:10
946,ch_bd53ad3e3e27437a,20260817,19,29,117,7,2,78,5,succeeded,149.52,28.59,1.13,27.46,0.0,False,False,False,True,,,mobile,2026-09-14 16:29:10
947,ch_384d517094ec424f,20260817,19,20,120,3,4,,9,failed,14654.87,9.67,0.0,0.0,0.0,False,False,False,False,,,mobile,2026-09-14 16:29:10
948,ch_ad4bd1ef0a8748f1,20260818,7,50,193,3,3,140,8,succeeded,141.29,96.41,3.1,93.31,0.0,False,False,False,False,,,mobile,2026-09-14 16:29:10
949,ch_5e16f33abf884e38,20260818,14,38,176,9,2,104,1,succeeded,63.73,63.73,2.15,61.58,0.0,False,False,False,False,,,mobile,2026-09-14 16:29:10
950,ch_07163781a4014beb,20260818,16,19,168,3,5,49,9,succeeded,73433.4,48.44,1.7,46.74,0.0,False,False,False,False,,,mobile,2026-09-14 16:29:10
951,ch_785b6e8710ed49f0,20260819,7,42,176,9,2,115,3,succeeded,53.01,64.94,2.18,62.76,0.0,False,False,False,False,,,desktop,2026-09-14 16:29:10
952,ch_ef4706199a6a44d0,20260819,10,51,167,7,5,143,9,succeeded,16440.06,10.83,0.61,10.22,0.0,False,False,False,True,,,desktop,2026-09-14 16:29:10
953,ch_ca5d6090067c4bc6,20260819,11,18,189,6,5,46,4,succeeded,239.24,201.34,6.14,195.2,0.0,False,False,False,False,,,desktop,2026-09-14 16:29:10
954,ch_167344e2147f4376,20260819,12,42,57,8,5,116,3,succeeded,83.41,102.18,3.26,98.92,0.0,False,False,False,False,,,mobile,2026-09-14 16:29:10
955,ch_875699fa5d2a4702,20260820,15,50,124,6,5,,8,succeeded,182.63,124.87,3.92,120.95,0.0,False,False,False,False,,,mobile,2026-09-14 16:29:10
956,ch_ec6b131c86444481,20260820,15,46,183,11,2,128,7,succeeded,5430.0,36.11,1.35,34.76,0.0,False,False,False,False,,,mobile,2026-09-14 16:29:10
957,ch_e89992df0a0f42e6,20260821,1,29,61,5,5,78,5,succeeded,149.52,28.82,1.14,27.68,0.0,False,False,False,True,,,desktop,2026-09-14 16:29:10
958,ch_98b440bbfa274e6b,20260821,2,51,96,11,2,143,9,succeeded,16440.06,10.82,0.61,10.21,0.0,False,False,False,True,,,mobile,2026-09-14 16:29:10
959,ch_dde8472da89444ea,20260821,15,44,192,4,5,123,2,failed,26.7,29.16,0.0,0.0,0.0,False,False,False,False,,,mobile,2026-09-14 16:29:10
960,ch_f7e18fc12c7b494d,20260822,14,52,168,3,5,145,4,succeeded,132.14,111.14,3.52,107.62,0.0,False,False,False,True,,,mobile,2026-09-14 16:29:10
961,ch_5f32b7dd6ba84ed5,20260823,14,42,2,10,2,117,3,succeeded,101.8,124.74,3.92,120.82,0.0,False,False,False,False,,,mobile,2026-09-14 16:29:10
962,ch_4cc6a0a31e914c8e,20260823,15,30,49,10,7,79,6,failed,161.59,128.46,0.0,0.0,0.0,False,False,False,False,,,mobile,2026-09-14 16:29:10
963,ch_8a2481a227d240cd,20260823,20,26,2,10,2,67,9,succeeded,23581.83,15.49,0.75,14.74,0.0,False,False,False,False,,,mobile,2026-09-14 16:29:10
964,ch_e792eee05fd34dd7,20260825,10,33,84,5,2,88,1,succeeded,144.32,144.32,4.49,139.83,0.0,False,False,False,False,,,mobile,2026-09-14 16:29:10
965,ch_f923fa419f2244d2,20260825,12,31,79,1,1,83,2,failed,81.02,88.36,0.0,0.0,0.0,False,False,False,False,,,mobile,2026-09-14 16:29:10
966,ch_588cf79f32dd474e,20260825,13,20,102,7,3,,9,succeeded,63724.99,41.66,1.51,40.15,0.0,False,False,False,False,,,mobile,2026-09-14 16:29:10
967,ch_2f962971458f4f4a,20260825,14,30,166,7,3,81,6,succeeded,200.37,158.96,4.91,154.05,0.0,False,False,False,False,,,mobile,2026-09-14 16:29:10
968,ch_58e4637ae01e4b9d,20260826,0,32,147,6,1,85,2,succeeded,30.3,32.9,1.25,31.65,0.0,False,False,False,True,,,desktop,2026-09-14 16:29:10
969,ch_a92a88b44ff24a9f,20260826,15,9,72,9,4,27,2,succeeded,44.67,48.51,1.71,46.8,0.0,False,False,False,False,,,desktop,2026-09-14 16:29:10
970,ch_a0ae680f17cd4733,20260826,17,40,70,3,4,109,7,succeeded,7873.0,52.26,1.82,50.44,0.0,False,False,False,False,,,mobile,2026-09-14 16:29:10
971,ch_d3422fecd2f1442e,20260827,1,38,14,8,4,104,1,succeeded,63.73,63.73,2.15,61.58,0.0,False,False,False,True,,,desktop,2026-09-14 16:29:10
972,ch_4ec8afb20c634665,20260827,16,33,10,1,2,89,1,succeeded,22.83,22.83,0.96,21.87,0.0,False,False,False,False,,,mobile,2026-09-14 16:29:10
973,ch_c3c566858e5f4c2c,20260827,21,29,119,2,4,78,5,succeeded,149.52,28.86,1.14,27.72,0.0,False,False,False,True,,,mobile,2026-09-14 16:29:10
974,ch_3e5eeaf8556b471c,20260828,9,20,12,4,5,53,9,succeeded,50940.45,33.33,1.27,32.06,0.0,False,False,False,True,,,tablet,2026-09-14 16:29:10
975,ch_7eb6a97e776f4b40,20260829,0,40,39,9,4,,7,succeeded,10145.0,67.79,2.27,65.52,0.0,False,False,False,False,0.348,medium,mobile,2026-09-14 16:29:10
976,ch_00503bf6393d4420,20260829,4,24,104,7,5,66,2,succeeded,75.98,81.93,2.68,79.25,0.0,False,False,False,True,,,desktop,2026-09-14 16:29:10
977,ch_e22036600efe4dc3,20260829,8,29,190,9,7,78,5,succeeded,149.52,28.86,1.14,27.72,0.0,False,False,False,True,,,desktop,2026-09-14 16:29:10
978,ch_fe196d6bbf114d46,20260829,9,29,21,1,5,,5,succeeded,591.58,114.19,3.61,110.58,0.0,False,False,False,False,,,mobile,2026-09-14 16:29:10
979,ch_2604f6eee13e4220,20260829,11,26,83,3,2,68,9,succeeded,46743.31,30.62,1.19,29.43,0.0,False,False,False,False,,,mobile,2026-09-14 16:29:10
980,ch_549a70660ee64cdd,20260829,19,45,151,8,1,125,1,succeeded,81.29,81.29,2.66,78.63,0.0,False,False,False,False,,,mobile,2026-09-14 16:29:10
981,ch_d0e1c15e987b456e,20260829,23,35,81,5,5,,9,succeeded,96964.16,63.51,2.14,61.37,0.0,False,False,False,False,,,tablet,2026-09-14 16:29:10
982,ch_73529c70f5ca4239,20260830,2,41,77,5,5,112,2,succeeded,76.22,82.26,2.69,79.57,0.0,False,False,False,True,,,mobile,2026-09-14 16:29:10
983,ch_a799f279595d4cf0,20260830,3,24,191,3,2,65,2,succeeded,88.06,95.04,3.06,91.98,0.0,False,False,False,False,,,mobile,2026-09-14 16:29:10
984,ch_1d02b7ced0b3424e,20260830,11,29,131,11,3,78,5,succeeded,149.52,28.97,1.14,27.83,0.0,False,False,False,True,,,tablet,2026-09-14 16:29:10
985,ch_06339bacbf4148c0,20260830,18,11,73,9,1,33,7,succeeded,5584.0,37.29,1.38,35.91,0.0,False,False,False,False,0.3674,medium,desktop,2026-09-14 16:29:10
986,ch_ba54a437b4eb4b75,20260831,9,45,98,3,2,125,1,succeeded,81.29,81.29,2.66,78.63,0.0,False,False,False,False,,,mobile,2026-09-14 16:29:10
987,ch_5e5debba0ad74587,20260831,11,7,182,5,4,,2,succeeded,229.5,248.79,7.51,241.28,0.0,False,False,False,False,0.4768,medium,mobile,2026-09-14 16:29:10
988,ch_9b759b7016f446d1,20260831,13,51,185,11,1,143,9,succeeded,16440.06,10.77,0.61,10.16,0.0,False,False,False,True,,,desktop,2026-09-14 16:29:10
989,ch_02bb619120d843b2,20260831,14,16,55,8,3,45,2,succeeded,26.85,29.11,1.14,27.97,0.0,False,False,False,True,,,desktop,2026-09-14 16:29:10
990,ch_096f38adbf6e4950,20260831,14,29,155,11,2,78,5,succeeded,149.52,28.97,1.14,27.83,0.0,False,False,False,True,,,mobile,2026-09-14 16:29:10
991,ch_02ab402fc5eb4558,20260831,20,28,18,8,2,73,1,succeeded,4.38,4.38,0.43,3.95,0.0,False,False,False,False,,,desktop,2026-09-14 16:29:10
992,ch_10deb298d0144b16,20260831,22,32,146,5,4,85,2,succeeded,30.3,32.85,1.25,31.6,0.0,False,False,False,True,,,mobile,2026-09-14 16:29:10
993,ch_1ed95805d5ee4a16,20260901,4,45,109,8,3,124,1,succeeded,61.3,61.3,2.08,59.22,0.0,False,False,False,False,,,desktop,2026-09-14 16:29:10
994,ch_f86cd75e05ef48cf,20260901,13,53,158,11,5,150,9,failed,57443.4,37.7,0.0,0.0,0.0,False,False,False,False,,,mobile,2026-09-14 16:29:10
995,ch_3214213cc98b4106,20260901,14,42,45,10,2,116,3,succeeded,83.41,102.49,3.27,99.22,0.0,False,False,False,True,,,desktop,2026-09-14 16:29:10
996,ch_22c2dcfbc1064cad,20260902,4,20,112,6,2,54,9,succeeded,73627.95,48.6,1.71,46.89,0.0,False,False,False,True,,,mobile,2026-09-14 16:29:10
997,ch_5db602d3f67b45d0,20260902,10,44,52,4,3,121,2,succeeded,103.08,111.98,3.55,108.43,0.0,False,False,False,False,,,tablet,2026-09-14 16:29:10
998,ch_0d56b2090b70451d,20260902,11,16,198,4,1,45,2,succeeded,26.85,29.17,1.15,28.02,0.0,False,False,False,True,,,desktop,2026-09-14 16:29:10
999,ch_fbdebc3a19ee4642,20260902,16,22,110,5,2,58,9,succeeded,23398.96,15.44,0.75,14.69,0.0,False,False,False,False,,,desktop,2026-09-14 16:29:10
1000,ch_4d7498fc3ff0422e,20260903,4,1,84,5,2,3,1,succeeded,136.28,136.28,4.25,132.03,0.0,False,False,False,True,,,desktop,2026-09-14 16:29:10
1001,ch_4c11f3a36fa6459a,20260903,12,11,197,7,3,,7,succeeded,9288.0,61.77,2.09,59.68,0.0,False,False,False,False,,,mobile,2026-09-14 16:29:10
1002,ch_b81e0eb284604ab1,20260903,12,15,31,3,2,,3,succeeded,42.36,52.09,1.81,50.28,0.0,False,False,False,False,,,mobile,2026-09-14 16:29:10
1003,ch_2362137594574d4e,20260903,13,8,184,9,2,24,2,succeeded,118.04,128.22,4.02,124.2,0.0,False,False,False,False,,,mobile,2026-09-14 16:29:10
1004,ch_4a27453f810c4e40,20260903,20,16,197,7,3,45,2,succeeded,26.85,29.17,1.15,28.02,0.0,False,False,False,False,,,mobile,2026-09-14 16:29:10
1005,ch_5c7fca21438e404e,20260904,9,52,146,5,4,146,4,succeeded,217.91,184.93,5.66,179.27,0.0,False,False,False,False,,,mobile,2026-09-14 16:29:10
1006,ch_83f54326ca584af3,20260904,12,19,158,11,5,51,9,succeeded,57228.29,37.83,1.4,36.43,0.0,False,False,False,False,,,desktop,2026-09-14 16:29:10
1007,ch_dd78a5de4b6c436b,20260904,17,2,85,8,5,4,9,failed,34750.36,22.97,0.0,0.0,0.0,False,False,False,False,,,mobile,2026-09-14 16:29:10
1008,ch_5c6ad299fa264c05,20260904,20,46,77,5,5,,7,succeeded,5521.0,36.89,1.37,35.52,0.0,False,False,False,False,,,desktop,2026-09-14 16:29:10
1009,ch_314b674174bb44b3,20260905,9,49,30,9,2,137,2,succeeded,20.64,22.35,0.95,21.4,0.0,False,False,False,False,,,mobile,2026-09-14 16:29:10
1010,ch_be25ff5321c741cf,20260905,10,5,109,8,3,14,3,failed,57.51,70.07,0.0,0.0,0.0,False,False,False,False,,,mobile,2026-09-14 16:29:10
1011,ch_20fda5bc46d04c60,20260905,12,49,165,10,6,,2,succeeded,97.52,105.61,3.36,102.25,0.0,False,False,False,False,,,mobile,2026-09-14 16:29:10
1012,ch_274809ef4d6c4de1,20260905,12,32,20,11,7,85,2,succeeded,30.3,32.81,1.25,31.56,0.0,False,False,False,True,,,mobile,2026-09-14 16:29:10
1013,ch_4ed99033c23f4f35,20260905,14,34,173,4,5,91,2,succeeded,65.83,71.29,2.37,68.92,0.0,False,False,False,False,,,mobile,2026-09-14 16:29:10
1014,ch_5980aedc9eb64443,20260906,0,7,60,8,1,,2,succeeded,68.43,74.04,2.45,71.59,0.0,False,False,False,False,0.3271,medium,mobile,2026-09-14 16:29:10
1015,ch_0e5d942bc32a4606,20260906,0,7,60,7,1,,2,succeeded,47.15,51.02,1.78,49.24,0.0,False,False,True,False,0.6367,high,mobile,2026-09-14 16:29:10
1016,ch_7f891194237241d2,20260906,0,7,60,3,1,,2,failed,82.29,89.04,0.0,0.0,0.0,False,False,True,False,0.6012,high,desktop,2026-09-14 16:29:10
1017,ch_b9d563ef116f4d5d,20260906,0,7,60,4,1,,2,succeeded,109.13,118.08,3.72,114.36,0.0,False,False,False,False,,,mobile,2026-09-14 16:29:10
1018,ch_fb30266cbe47453b,20260906,0,7,60,4,1,,2,succeeded,46.24,50.03,1.75,48.28,0.0,False,False,False,False,,,mobile,2026-09-14 16:29:10
1019,ch_3628a639fbee41ec,20260906,14,34,100,3,4,93,2,succeeded,136.01,147.16,4.57,142.59,0.0,False,False,False,False,,,tablet,2026-09-14 16:29:10
1020,ch_e27e701f0133418c,20260906,21,42,107,1,5,116,3,failed,83.41,101.86,0.0,0.0,0.0,False,False,False,True,,,mobile,2026-09-14 16:29:10
1021,ch_f4e948e8d0c74a8a,20260907,5,18,163,2,3,46,4,succeeded,239.24,202.71,6.18,196.53,0.0,False,False,False,False,,,mobile,2026-09-14 16:29:10
1022,ch_94ac204bd0134829,20260908,2,9,30,9,2,27,2,succeeded,44.67,48.26,1.7,46.56,0.0,False,False,False,False,,,mobile,2026-09-14 16:29:10
1023,ch_893e01917cfa4419,20260908,7,16,149,11,5,,2,succeeded,140.87,152.19,4.71,147.48,0.0,False,False,False,False,,,mobile,2026-09-14 16:29:10
1024,ch_b0d42f55d99d4ef5,20260908,10,20,27,1,2,53,9,succeeded,50940.45,33.81,1.28,32.53,0.0,False,False,False,True,,,desktop,2026-09-14 16:29:10
1025,ch_21b6cedd303a4cad,20260908,18,6,137,5,3,16,3,succeeded,67.86,82.86,2.7,80.16,0.0,False,False,False,False,,,tablet,2026-09-14 16:29:10
1026,ch_abb8d322017d450e,20260908,20,38,79,1,1,103,1,succeeded,23.2,23.2,0.97,22.23,0.0,False,False,False,True,,,desktop,2026-09-14 16:29:10
1027,ch_09f16b14a59941b2,20260909,17,39,118,6,4,108,3,succeeded,91.76,112.05,3.55,108.5,0.0,False,False,False,False,,,mobile,2026-09-14 16:29:10
1028,ch_94f7ba6f550d400a,20260910,12,35,129,7,6,94,9,succeeded,34578.87,22.94,0.97,21.97,0.0,False,False,False,False,,,mobile,2026-09-14 16:29:10
1029,ch_0c35c330756c4817,20260910,21,11,8,7,3,,7,succeeded,11845.0,78.51,2.58,75.93,0.0,False,False,False,False,,,mobile,2026-09-14 16:29:10
1030,ch_b3b8dbe891e24fe0,20260911,6,51,86,7,5,,9,succeeded,54302.66,36.03,1.34,34.69,0.0,False,False,False,False,,,mobile,2026-09-14 16:29:10
1031,ch_d6a314c2408449a1,20260911,9,31,59,3,6,,2,succeeded,199.09,216.34,6.57,209.77,0.0,False,False,True,False,0.7844,high,desktop,2026-09-14 16:29:10
1032,ch_1a4d613f18c5415a,20260911,10,32,196,9,2,85,2,succeeded,30.3,32.93,1.25,31.68,0.0,False,False,False,True,,,desktop,2026-09-14 16:29:10
1033,ch_b9cdb61cf84d4343,20260911,14,20,195,7,4,,9,succeeded,66013.46,43.8,1.57,42.23,0.0,False,False,False,False,,,desktop,2026-09-14 16:29:10
1034,ch_86a2a25f7f1f4973,20260911,16,41,138,6,6,112,2,succeeded,76.22,82.83,2.7,80.13,0.0,False,False,False,True,,,mobile,2026-09-14 16:29:10
1035,ch_731c65b8998247aa,20260911,19,41,84,5,2,112,2,succeeded,76.22,82.83,2.7,80.13,0.0,False,False,False,True,,,mobile,2026-09-14 16:29:10
1036,ch_b09f2e925cbb4993,20260912,15,15,160,3,5,,3,succeeded,131.66,160.31,4.95,155.36,0.0,False,False,False,False,,,mobile,2026-09-14 16:29:10
1037,ch_d12f05c6e5bc46f2,20260914,12,24,192,4,5,66,2,succeeded,75.98,82.74,2.7,80.04,0.0,False,False,False,True,,,desktop,2026-09-14 16:29:10
1038,ch_3dfe1881c5bd4908,20260914,16,9,24,8,5,,2,succeeded,160.69,174.98,5.37,169.61,0.0,False,False,False,False,,,desktop,2026-09-14 16:29:10
1039,ch_aefcd7903d254732,20260914,16,9,24,8,5,,2,succeeded,116.96,127.36,3.99,123.37,0.0,False,False,False,False,,,mobile,2026-09-14 16:29:10
1040,ch_39f7558b04154510,20260914,16,9,24,8,5,,2,succeeded,164.54,179.17,5.5,173.67,0.0,False,False,False,False,,,tablet,2026-09-14 16:29:10
1041,ch_e59bec3746194fe4,20260914,16,9,24,8,5,,2,succeeded,45.93,50.01,1.75,48.26,0.0,False,False,False,False,,,desktop,2026-09-14 16:29:10
